// AUTO-GENERATED - DO NOT EDIT
// Embedded DispatcherTransformer and ASM bytecode

#pragma once
#include <cstdint>
#include <cstddef>

namespace EmbeddedTransformer {

// DISPATCHER_TRANSFORMER (2699 bytes)
static const uint8_t DISPATCHER_TRANSFORMER[] = {
    0xCA, 0xFE, 0xBA, 0xBE, 0x00, 0x00, 0x00, 0x34, 0x00, 0x71, 0x0A, 0x00, 0x02, 0x00, 0x03, 0x07, 
    0x00, 0x04, 0x0C, 0x00, 0x05, 0x00, 0x06, 0x01, 0x00, 0x10, 0x6A, 0x61, 0x76, 0x61, 0x2F, 0x6C, 
    0x61, 0x6E, 0x67, 0x2F, 0x4F, 0x62, 0x6A, 0x65, 0x63, 0x74, 0x01, 0x00, 0x06, 0x3C, 0x69, 0x6E, 
    0x69, 0x74, 0x3E, 0x01, 0x00, 0x03, 0x28, 0x29, 0x56, 0x07, 0x00, 0x08, 0x01, 0x00, 0x31, 0x6F, 
    0x72, 0x67, 0x2F, 0x61, 0x70, 0x61, 0x63, 0x68, 0x65, 0x2F, 0x63, 0x6F, 0x6D, 0x6D, 0x6F, 0x6E, 
    0x73, 0x2F, 0x69, 0x6E, 0x74, 0x65, 0x72, 0x6E, 0x61, 0x6C, 0x2F, 0x44, 0x69, 0x73, 0x70, 0x61, 
    0x74, 0x63, 0x68, 0x65, 0x72, 0x54, 0x72, 0x61, 0x6E, 0x73, 0x66, 0x6F, 0x72, 0x6D, 0x65, 0x72, 
    0x08, 0x00, 0x0A, 0x01, 0x00, 0x00, 0x0A, 0x00, 0x07, 0x00, 0x0C, 0x0C, 0x00, 0x0D, 0x00, 0x0E, 
    0x01, 0x00, 0x09, 0x74, 0x72, 0x61, 0x6E, 0x73, 0x66, 0x6F, 0x72, 0x6D, 0x01, 0x00, 0x64, 0x28, 
    0x5B, 0x42, 0x4C, 0x6A, 0x61, 0x76, 0x61, 0x2F, 0x6C, 0x61, 0x6E, 0x67, 0x2F, 0x53, 0x74, 0x72, 
    0x69, 0x6E, 0x67, 0x3B, 0x4C, 0x6A, 0x61, 0x76, 0x61, 0x2F, 0x6C, 0x61, 0x6E, 0x67, 0x2F, 0x53, 
    0x74, 0x72, 0x69, 0x6E, 0x67, 0x3B, 0x49, 0x49, 0x4C, 0x6A, 0x61, 0x76, 0x61, 0x2F, 0x6C, 0x61, 
    0x6E, 0x67, 0x2F, 0x53, 0x74, 0x72, 0x69, 0x6E, 0x67, 0x3B, 0x4C, 0x6A, 0x61, 0x76, 0x61, 0x2F, 
    0x6C, 0x61, 0x6E, 0x67, 0x2F, 0x53, 0x74, 0x72, 0x69, 0x6E, 0x67, 0x3B, 0x4C, 0x6A, 0x61, 0x76, 
    0x61, 0x2F, 0x6C, 0x61, 0x6E, 0x67, 0x2F, 0x53, 0x74, 0x72, 0x69, 0x6E, 0x67, 0x3B, 0x49, 0x49, 
    0x29, 0x5B, 0x42, 0x07, 0x00, 0x10, 0x01, 0x00, 0x1D, 0x6F, 0x72, 0x67, 0x2F, 0x6F, 0x62, 0x6A, 
    0x65, 0x63, 0x74, 0x77, 0x65, 0x62, 0x2F, 0x61, 0x73, 0x6D, 0x2F, 0x43, 0x6C, 0x61, 0x73, 0x73, 
    0x52, 0x65, 0x61, 0x64, 0x65, 0x72, 0x0A, 0x00, 0x0F, 0x00, 0x12, 0x0C, 0x00, 0x05, 0x00, 0x13, 
    0x01, 0x00, 0x05, 0x28, 0x5B, 0x42, 0x29, 0x56, 0x07, 0x00, 0x15, 0x01, 0x00, 0x43, 0x6F, 0x72, 
    0x67, 0x2F, 0x61, 0x70, 0x61, 0x63, 0x68, 0x65, 0x2F, 0x63, 0x6F, 0x6D, 0x6D, 0x6F, 0x6E, 0x73, 
    0x2F, 0x69, 0x6E, 0x74, 0x65, 0x72, 0x6E, 0x61, 0x6C, 0x2F, 0x44, 0x69, 0x73, 0x70, 0x61, 0x74, 
    0x63, 0x68, 0x65, 0x72, 0x54, 0x72, 0x61, 0x6E, 0x73, 0x66, 0x6F, 0x72, 0x6D, 0x65, 0x72, 0x24, 
    0x43, 0x75, 0x73, 0x74, 0x6F, 0x6D, 0x43, 0x6C, 0x61, 0x73, 0x73, 0x57, 0x72, 0x69, 0x74, 0x65, 
    0x72, 0x07, 0x00, 0x17, 0x01, 0x00, 0x1D, 0x6F, 0x72, 0x67, 0x2F, 0x6F, 0x62, 0x6A, 0x65, 0x63, 
    0x74, 0x77, 0x65, 0x62, 0x2F, 0x61, 0x73, 0x6D, 0x2F, 0x43, 0x6C, 0x61, 0x73, 0x73, 0x57, 0x72, 
    0x69, 0x74, 0x65, 0x72, 0x0A, 0x00, 0x14, 0x00, 0x19, 0x0C, 0x00, 0x05, 0x00, 0x1A, 0x01, 0x00, 
    0x23, 0x28, 0x4C, 0x6F, 0x72, 0x67, 0x2F, 0x6F, 0x62, 0x6A, 0x65, 0x63, 0x74, 0x77, 0x65, 0x62, 
    0x2F, 0x61, 0x73, 0x6D, 0x2F, 0x43, 0x6C, 0x61, 0x73, 0x73, 0x52, 0x65, 0x61, 0x64, 0x65, 0x72, 
    0x3B, 0x49, 0x29, 0x56, 0x07, 0x00, 0x1C, 0x01, 0x00, 0x33, 0x6F, 0x72, 0x67, 0x2F, 0x61, 0x70, 
    0x61, 0x63, 0x68, 0x65, 0x2F, 0x63, 0x6F, 0x6D, 0x6D, 0x6F, 0x6E, 0x73, 0x2F, 0x69, 0x6E, 0x74, 
    0x65, 0x72, 0x6E, 0x61, 0x6C, 0x2F, 0x44, 0x69, 0x73, 0x70, 0x61, 0x74, 0x63, 0x68, 0x65, 0x72, 
    0x54, 0x72, 0x61, 0x6E, 0x73, 0x66, 0x6F, 0x72, 0x6D, 0x65, 0x72, 0x24, 0x31, 0x07, 0x00, 0x1E, 
    0x01, 0x00, 0x19, 0x6F, 0x72, 0x67, 0x2F, 0x6F, 0x62, 0x6A, 0x65, 0x63, 0x74, 0x77, 0x65, 0x62, 
    0x2F, 0x61, 0x73, 0x6D, 0x2F, 0x4F, 0x70, 0x63, 0x6F, 0x64, 0x65, 0x73, 0x03, 0x00, 0x09, 0x00, 
    0x00, 0x0A, 0x00, 0x1B, 0x00, 0x21, 0x0C, 0x00, 0x05, 0x00, 0x22, 0x01, 0x00, 0x83, 0x28, 0x49, 
    0x4C, 0x6F, 0x72, 0x67, 0x2F, 0x6F, 0x62, 0x6A, 0x65, 0x63, 0x74, 0x77, 0x65, 0x62, 0x2F, 0x61, 
    0x73, 0x6D, 0x2F, 0x43, 0x6C, 0x61, 0x73, 0x73, 0x56, 0x69, 0x73, 0x69, 0x74, 0x6F, 0x72, 0x3B, 
    0x4C, 0x6A, 0x61, 0x76, 0x61, 0x2F, 0x6C, 0x61, 0x6E, 0x67, 0x2F, 0x53, 0x74, 0x72, 0x69, 0x6E, 
    0x67, 0x3B, 0x4C, 0x6A, 0x61, 0x76, 0x61, 0x2F, 0x6C, 0x61, 0x6E, 0x67, 0x2F, 0x53, 0x74, 0x72, 
    0x69, 0x6E, 0x67, 0x3B, 0x5A, 0x49, 0x49, 0x4C, 0x6A, 0x61, 0x76, 0x61, 0x2F, 0x6C, 0x61, 0x6E, 
    0x67, 0x2F, 0x53, 0x74, 0x72, 0x69, 0x6E, 0x67, 0x3B, 0x4C, 0x6A, 0x61, 0x76, 0x61, 0x2F, 0x6C, 
    0x61, 0x6E, 0x67, 0x2F, 0x53, 0x74, 0x72, 0x69, 0x6E, 0x67, 0x3B, 0x4C, 0x6A, 0x61, 0x76, 0x61, 
    0x2F, 0x6C, 0x61, 0x6E, 0x67, 0x2F, 0x53, 0x74, 0x72, 0x69, 0x6E, 0x67, 0x3B, 0x49, 0x49, 0x29, 
    0x56, 0x0A, 0x00, 0x0F, 0x00, 0x24, 0x0C, 0x00, 0x25, 0x00, 0x26, 0x01, 0x00, 0x06, 0x61, 0x63, 
    0x63, 0x65, 0x70, 0x74, 0x01, 0x00, 0x24, 0x28, 0x4C, 0x6F, 0x72, 0x67, 0x2F, 0x6F, 0x62, 0x6A, 
    0x65, 0x63, 0x74, 0x77, 0x65, 0x62, 0x2F, 0x61, 0x73, 0x6D, 0x2F, 0x43, 0x6C, 0x61, 0x73, 0x73, 
    0x56, 0x69, 0x73, 0x69, 0x74, 0x6F, 0x72, 0x3B, 0x49, 0x29, 0x56, 0x0A, 0x00, 0x16, 0x00, 0x28, 
    0x0C, 0x00, 0x29, 0x00, 0x2A, 0x01, 0x00, 0x0B, 0x74, 0x6F, 0x42, 0x79, 0x74, 0x65, 0x41, 0x72, 
    0x72, 0x61, 0x79, 0x01, 0x00, 0x04, 0x28, 0x29, 0x5B, 0x42, 0x07, 0x00, 0x2C, 0x01, 0x00, 0x13, 
    0x6A, 0x61, 0x76, 0x61, 0x2F, 0x6C, 0x61, 0x6E, 0x67, 0x2F, 0x45, 0x78, 0x63, 0x65, 0x70, 0x74, 
    0x69, 0x6F, 0x6E, 0x0A, 0x00, 0x2B, 0x00, 0x2E, 0x0C, 0x00, 0x2F, 0x00, 0x06, 0x01, 0x00, 0x0F, 
    0x70, 0x72, 0x69, 0x6E, 0x74, 0x53, 0x74, 0x61, 0x63, 0x6B, 0x54, 0x72, 0x61, 0x63, 0x65, 0x01, 
    0x00, 0x08, 0x50, 0x4F, 0x53, 0x5F, 0x48, 0x45, 0x41, 0x44, 0x01, 0x00, 0x01, 0x49, 0x01, 0x00, 
    0x0D, 0x43, 0x6F, 0x6E, 0x73, 0x74, 0x61, 0x6E, 0x74, 0x56, 0x61, 0x6C, 0x75, 0x65, 0x03, 0x00, 
    0x00, 0x00, 0x00, 0x01, 0x00, 0x08, 0x50, 0x4F, 0x53, 0x5F, 0x54, 0x41, 0x49, 0x4C, 0x03, 0x00, 
    0x00, 0x00, 0x01, 0x01, 0x00, 0x0C, 0x50, 0x4F, 0x53, 0x5F, 0x4F, 0x56, 0x45, 0x52, 0x52, 0x49, 
    0x44, 0x45, 0x03, 0x00, 0x00, 0x00, 0x02, 0x01, 0x00, 0x11, 0x50, 0x4F, 0x53, 0x5F, 0x42, 0x45, 
    0x46, 0x4F, 0x52, 0x45, 0x5F, 0x49, 0x4E, 0x56, 0x4F, 0x4B, 0x45, 0x03, 0x00, 0x00, 0x00, 0x03, 
    0x01, 0x00, 0x10, 0x50, 0x4F, 0x53, 0x5F, 0x41, 0x46, 0x54, 0x45, 0x52, 0x5F, 0x49, 0x4E, 0x56, 
    0x4F, 0x4B, 0x45, 0x03, 0x00, 0x00, 0x00, 0x04, 0x01, 0x00, 0x0B, 0x50, 0x4F, 0x53, 0x5F, 0x41, 
    0x54, 0x5F, 0x4C, 0x49, 0x4E, 0x45, 0x03, 0x00, 0x00, 0x00, 0x05, 0x01, 0x00, 0x10, 0x50, 0x4F, 
    0x53, 0x5F, 0x42, 0x45, 0x46, 0x4F, 0x52, 0x45, 0x5F, 0x46, 0x49, 0x45, 0x4C, 0x44, 0x03, 0x00, 
    0x00, 0x00, 0x06, 0x01, 0x00, 0x0F, 0x50, 0x4F, 0x53, 0x5F, 0x41, 0x46, 0x54, 0x45, 0x52, 0x5F, 
    0x46, 0x49, 0x45, 0x4C, 0x44, 0x03, 0x00, 0x00, 0x00, 0x07, 0x01, 0x00, 0x0F, 0x50, 0x4F, 0x53, 
    0x5F, 0x42, 0x45, 0x46, 0x4F, 0x52, 0x45, 0x5F, 0x4A, 0x55, 0x4D, 0x50, 0x03, 0x00, 0x00, 0x00, 
    0x08, 0x01, 0x00, 0x0E, 0x50, 0x4F, 0x53, 0x5F, 0x41, 0x46, 0x54, 0x45, 0x52, 0x5F, 0x4A, 0x55, 
    0x4D, 0x50, 0x03, 0x00, 0x00, 0x00, 0x09, 0x01, 0x00, 0x04, 0x43, 0x6F, 0x64, 0x65, 0x01, 0x00, 
    0x0F, 0x4C, 0x69, 0x6E, 0x65, 0x4E, 0x75, 0x6D, 0x62, 0x65, 0x72, 0x54, 0x61, 0x62, 0x6C, 0x65, 
    0x01, 0x00, 0x12, 0x4C, 0x6F, 0x63, 0x61, 0x6C, 0x56, 0x61, 0x72, 0x69, 0x61, 0x62, 0x6C, 0x65, 
    0x54, 0x61, 0x62, 0x6C, 0x65, 0x01, 0x00, 0x04, 0x74, 0x68, 0x69, 0x73, 0x01, 0x00, 0x33, 0x4C, 
    0x6F, 0x72, 0x67, 0x2F, 0x61, 0x70, 0x61, 0x63, 0x68, 0x65, 0x2F, 0x63, 0x6F, 0x6D, 0x6D, 0x6F, 
    0x6E, 0x73, 0x2F, 0x69, 0x6E, 0x74, 0x65, 0x72, 0x6E, 0x61, 0x6C, 0x2F, 0x44, 0x69, 0x73, 0x70, 
    0x61, 0x74, 0x63, 0x68, 0x65, 0x72, 0x54, 0x72, 0x61, 0x6E, 0x73, 0x66, 0x6F, 0x72, 0x6D, 0x65, 
    0x72, 0x3B, 0x01, 0x00, 0x2B, 0x28, 0x5B, 0x42, 0x4C, 0x6A, 0x61, 0x76, 0x61, 0x2F, 0x6C, 0x61, 
    0x6E, 0x67, 0x2F, 0x53, 0x74, 0x72, 0x69, 0x6E, 0x67, 0x3B, 0x4C, 0x6A, 0x61, 0x76, 0x61, 0x2F, 
    0x6C, 0x61, 0x6E, 0x67, 0x2F, 0x53, 0x74, 0x72, 0x69, 0x6E, 0x67, 0x3B, 0x49, 0x29, 0x5B, 0x42, 
    0x01, 0x00, 0x0D, 0x6F, 0x72, 0x69, 0x67, 0x69, 0x6E, 0x61, 0x6C, 0x42, 0x79, 0x74, 0x65, 0x73, 
    0x01, 0x00, 0x02, 0x5B, 0x42, 0x01, 0x00, 0x0A, 0x6D, 0x65, 0x74, 0x68, 0x6F, 0x64, 0x4E, 0x61, 
    0x6D, 0x65, 0x01, 0x00, 0x12, 0x4C, 0x6A, 0x61, 0x76, 0x61, 0x2F, 0x6C, 0x61, 0x6E, 0x67, 0x2F, 
    0x53, 0x74, 0x72, 0x69, 0x6E, 0x67, 0x3B, 0x01, 0x00, 0x10, 0x6D, 0x65, 0x74, 0x68, 0x6F, 0x64, 
    0x44, 0x65, 0x73, 0x63, 0x72, 0x69, 0x70, 0x74, 0x6F, 0x72, 0x01, 0x00, 0x06, 0x68, 0x6F, 0x6F, 
    0x6B, 0x49, 0x64, 0x01, 0x00, 0x06, 0x72, 0x65, 0x61, 0x64, 0x65, 0x72, 0x01, 0x00, 0x1F, 0x4C, 
    0x6F, 0x72, 0x67, 0x2F, 0x6F, 0x62, 0x6A, 0x65, 0x63, 0x74, 0x77, 0x65, 0x62, 0x2F, 0x61, 0x73, 
    0x6D, 0x2F, 0x43, 0x6C, 0x61, 0x73, 0x73, 0x52, 0x65, 0x61, 0x64, 0x65, 0x72, 0x3B, 0x01, 0x00, 
    0x06, 0x77, 0x72, 0x69, 0x74, 0x65, 0x72, 0x01, 0x00, 0x1F, 0x4C, 0x6F, 0x72, 0x67, 0x2F, 0x6F, 
    0x62, 0x6A, 0x65, 0x63, 0x74, 0x77, 0x65, 0x62, 0x2F, 0x61, 0x73, 0x6D, 0x2F, 0x43, 0x6C, 0x61, 
    0x73, 0x73, 0x57, 0x72, 0x69, 0x74, 0x65, 0x72, 0x3B, 0x01, 0x00, 0x06, 0x69, 0x6E, 0x6C, 0x69, 
    0x6E, 0x65, 0x01, 0x00, 0x01, 0x5A, 0x01, 0x00, 0x06, 0x74, 0x4F, 0x77, 0x6E, 0x65, 0x72, 0x01, 
    0x00, 0x05, 0x74, 0x4E, 0x61, 0x6D, 0x65, 0x01, 0x00, 0x05, 0x74, 0x44, 0x65, 0x73, 0x63, 0x01, 
    0x00, 0x01, 0x65, 0x01, 0x00, 0x15, 0x4C, 0x6A, 0x61, 0x76, 0x61, 0x2F, 0x6C, 0x61, 0x6E, 0x67, 
    0x2F, 0x45, 0x78, 0x63, 0x65, 0x70, 0x74, 0x69, 0x6F, 0x6E, 0x3B, 0x01, 0x00, 0x08, 0x70, 0x6F, 
    0x73, 0x69, 0x74, 0x69, 0x6F, 0x6E, 0x01, 0x00, 0x0B, 0x74, 0x61, 0x72, 0x67, 0x65, 0x74, 0x4F, 
    0x77, 0x6E, 0x65, 0x72, 0x01, 0x00, 0x0A, 0x74, 0x61, 0x72, 0x67, 0x65, 0x74, 0x4E, 0x61, 0x6D, 
    0x65, 0x01, 0x00, 0x0A, 0x74, 0x61, 0x72, 0x67, 0x65, 0x74, 0x44, 0x65, 0x73, 0x63, 0x01, 0x00, 
    0x0A, 0x6F, 0x63, 0x63, 0x75, 0x72, 0x72, 0x65, 0x6E, 0x63, 0x65, 0x01, 0x00, 0x0A, 0x6C, 0x69, 
    0x6E, 0x65, 0x4E, 0x75, 0x6D, 0x62, 0x65, 0x72, 0x01, 0x00, 0x0D, 0x53, 0x74, 0x61, 0x63, 0x6B, 
    0x4D, 0x61, 0x70, 0x54, 0x61, 0x62, 0x6C, 0x65, 0x07, 0x00, 0x65, 0x01, 0x00, 0x10, 0x6A, 0x61, 
    0x76, 0x61, 0x2F, 0x6C, 0x61, 0x6E, 0x67, 0x2F, 0x53, 0x74, 0x72, 0x69, 0x6E, 0x67, 0x07, 0x00, 
    0x4D, 0x01, 0x00, 0x0A, 0x53, 0x6F, 0x75, 0x72, 0x63, 0x65, 0x46, 0x69, 0x6C, 0x65, 0x01, 0x00, 
    0x1A, 0x44, 0x69, 0x73, 0x70, 0x61, 0x74, 0x63, 0x68, 0x65, 0x72, 0x54, 0x72, 0x61, 0x6E, 0x73, 
    0x66, 0x6F, 0x72, 0x6D, 0x65, 0x72, 0x2E, 0x6A, 0x61, 0x76, 0x61, 0x01, 0x00, 0x0C, 0x49, 0x6E, 
    0x6E, 0x65, 0x72, 0x43, 0x6C, 0x61, 0x73, 0x73, 0x65, 0x73, 0x01, 0x00, 0x11, 0x43, 0x75, 0x73, 
    0x74, 0x6F, 0x6D, 0x43, 0x6C, 0x61, 0x73, 0x73, 0x57, 0x72, 0x69, 0x74, 0x65, 0x72, 0x07, 0x00, 
    0x6C, 0x01, 0x00, 0x49, 0x6F, 0x72, 0x67, 0x2F, 0x61, 0x70, 0x61, 0x63, 0x68, 0x65, 0x2F, 0x63, 
    0x6F, 0x6D, 0x6D, 0x6F, 0x6E, 0x73, 0x2F, 0x69, 0x6E, 0x74, 0x65, 0x72, 0x6E, 0x61, 0x6C, 0x2F, 
    0x44, 0x69, 0x73, 0x70, 0x61, 0x74, 0x63, 0x68, 0x65, 0x72, 0x54, 0x72, 0x61, 0x6E, 0x73, 0x66, 
    0x6F, 0x72, 0x6D, 0x65, 0x72, 0x24, 0x49, 0x6E, 0x6C, 0x69, 0x6E, 0x65, 0x48, 0x6F, 0x6F, 0x6B, 
    0x4D, 0x65, 0x74, 0x68, 0x6F, 0x64, 0x56, 0x69, 0x73, 0x69, 0x74, 0x6F, 0x72, 0x01, 0x00, 0x17, 
    0x49, 0x6E, 0x6C, 0x69, 0x6E, 0x65, 0x48, 0x6F, 0x6F, 0x6B, 0x4D, 0x65, 0x74, 0x68, 0x6F, 0x64, 
    0x56, 0x69, 0x73, 0x69, 0x74, 0x6F, 0x72, 0x07, 0x00, 0x6F, 0x01, 0x00, 0x43, 0x6F, 0x72, 0x67, 
    0x2F, 0x61, 0x70, 0x61, 0x63, 0x68, 0x65, 0x2F, 0x63, 0x6F, 0x6D, 0x6D, 0x6F, 0x6E, 0x73, 0x2F, 
    0x69, 0x6E, 0x74, 0x65, 0x72, 0x6E, 0x61, 0x6C, 0x2F, 0x44, 0x69, 0x73, 0x70, 0x61, 0x74, 0x63, 
    0x68, 0x65, 0x72, 0x54, 0x72, 0x61, 0x6E, 0x73, 0x66, 0x6F, 0x72, 0x6D, 0x65, 0x72, 0x24, 0x48, 
    0x6F, 0x6F, 0x6B, 0x4D, 0x65, 0x74, 0x68, 0x6F, 0x64, 0x56, 0x69, 0x73, 0x69, 0x74, 0x6F, 0x72, 
    0x01, 0x00, 0x11, 0x48, 0x6F, 0x6F, 0x6B, 0x4D, 0x65, 0x74, 0x68, 0x6F, 0x64, 0x56, 0x69, 0x73, 
    0x69, 0x74, 0x6F, 0x72, 0x00, 0x21, 0x00, 0x07, 0x00, 0x02, 0x00, 0x00, 0x00, 0x0A, 0x00, 0x19, 
    0x00, 0x30, 0x00, 0x31, 0x00, 0x01, 0x00, 0x32, 0x00, 0x00, 0x00, 0x02, 0x00, 0x33, 0x00, 0x19, 
    0x00, 0x34, 0x00, 0x31, 0x00, 0x01, 0x00, 0x32, 0x00, 0x00, 0x00, 0x02, 0x00, 0x35, 0x00, 0x19, 
    0x00, 0x36, 0x00, 0x31, 0x00, 0x01, 0x00, 0x32, 0x00, 0x00, 0x00, 0x02, 0x00, 0x37, 0x00, 0x19, 
    0x00, 0x38, 0x00, 0x31, 0x00, 0x01, 0x00, 0x32, 0x00, 0x00, 0x00, 0x02, 0x00, 0x39, 0x00, 0x19, 
    0x00, 0x3A, 0x00, 0x31, 0x00, 0x01, 0x00, 0x32, 0x00, 0x00, 0x00, 0x02, 0x00, 0x3B, 0x00, 0x19, 
    0x00, 0x3C, 0x00, 0x31, 0x00, 0x01, 0x00, 0x32, 0x00, 0x00, 0x00, 0x02, 0x00, 0x3D, 0x00, 0x19, 
    0x00, 0x3E, 0x00, 0x31, 0x00, 0x01, 0x00, 0x32, 0x00, 0x00, 0x00, 0x02, 0x00, 0x3F, 0x00, 0x19, 
    0x00, 0x40, 0x00, 0x31, 0x00, 0x01, 0x00, 0x32, 0x00, 0x00, 0x00, 0x02, 0x00, 0x41, 0x00, 0x19, 
    0x00, 0x42, 0x00, 0x31, 0x00, 0x01, 0x00, 0x32, 0x00, 0x00, 0x00, 0x02, 0x00, 0x43, 0x00, 0x19, 
    0x00, 0x44, 0x00, 0x31, 0x00, 0x01, 0x00, 0x32, 0x00, 0x00, 0x00, 0x02, 0x00, 0x45, 0x00, 0x03, 
    0x00, 0x01, 0x00, 0x05, 0x00, 0x06, 0x00, 0x01, 0x00, 0x46, 0x00, 0x00, 0x00, 0x2F, 0x00, 0x01, 
    0x00, 0x01, 0x00, 0x00, 0x00, 0x05, 0x2A, 0xB7, 0x00, 0x01, 0xB1, 0x00, 0x00, 0x00, 0x02, 0x00, 
    0x47, 0x00, 0x00, 0x00, 0x06, 0x00, 0x01, 0x00, 0x00, 0x00, 0x18, 0x00, 0x48, 0x00, 0x00, 0x00, 
    0x0C, 0x00, 0x01, 0x00, 0x00, 0x00, 0x05, 0x00, 0x49, 0x00, 0x4A, 0x00, 0x00, 0x00, 0x09, 0x00, 
    0x0D, 0x00, 0x4B, 0x00, 0x01, 0x00, 0x46, 0x00, 0x00, 0x00, 0x59, 0x00, 0x0A, 0x00, 0x04, 0x00, 
    0x00, 0x00, 0x11, 0x2A, 0x2B, 0x2C, 0x1D, 0x03, 0x12, 0x09, 0x12, 0x09, 0x12, 0x09, 0x03, 0x02, 
    0xB8, 0x00, 0x0B, 0xB0, 0x00, 0x00, 0x00, 0x02, 0x00, 0x47, 0x00, 0x00, 0x00, 0x06, 0x00, 0x01, 
    0x00, 0x00, 0x00, 0x2C, 0x00, 0x48, 0x00, 0x00, 0x00, 0x2A, 0x00, 0x04, 0x00, 0x00, 0x00, 0x11, 
    0x00, 0x4C, 0x00, 0x4D, 0x00, 0x00, 0x00, 0x00, 0x00, 0x11, 0x00, 0x4E, 0x00, 0x4F, 0x00, 0x01, 
    0x00, 0x00, 0x00, 0x11, 0x00, 0x50, 0x00, 0x4F, 0x00, 0x02, 0x00, 0x00, 0x00, 0x11, 0x00, 0x51, 
    0x00, 0x31, 0x00, 0x03, 0x00, 0x09, 0x00, 0x0D, 0x00, 0x0E, 0x00, 0x01, 0x00, 0x46, 0x00, 0x00, 
    0x01, 0xC7, 0x00, 0x0F, 0x00, 0x10, 0x00, 0x00, 0x00, 0x7E, 0xBB, 0x00, 0x0F, 0x59, 0x2A, 0xB7, 
    0x00, 0x11, 0x3A, 0x0A, 0xBB, 0x00, 0x14, 0x59, 0x19, 0x0A, 0x05, 0xB7, 0x00, 0x18, 0x3A, 0x0B, 
    0x15, 0x04, 0x06, 0xA1, 0x00, 0x07, 0x04, 0xA7, 0x00, 0x04, 0x03, 0x36, 0x0C, 0x19, 0x05, 0xC7, 
    0x00, 0x08, 0x12, 0x09, 0xA7, 0x00, 0x05, 0x19, 0x05, 0x3A, 0x0D, 0x19, 0x06, 0xC7, 0x00, 0x08, 
    0x12, 0x09, 0xA7, 0x00, 0x05, 0x19, 0x06, 0x3A, 0x0E, 0x19, 0x07, 0xC7, 0x00, 0x08, 0x12, 0x09, 
    0xA7, 0x00, 0x05, 0x19, 0x07, 0x3A, 0x0F, 0x19, 0x0A, 0xBB, 0x00, 0x1B, 0x59, 0x12, 0x1F, 0x19, 
    0x0B, 0x2B, 0x2C, 0x15, 0x0C, 0x1D, 0x15, 0x04, 0x19, 0x0D, 0x19, 0x0E, 0x19, 0x0F, 0x15, 0x08, 
    0x15, 0x09, 0xB7, 0x00, 0x20, 0x07, 0xB6, 0x00, 0x23, 0x19, 0x0B, 0xB6, 0x00, 0x27, 0xB0, 0x3A, 
    0x0A, 0x19, 0x0A, 0xB6, 0x00, 0x2D, 0x01, 0xB0, 0x00, 0x01, 0x00, 0x00, 0x00, 0x74, 0x00, 0x75, 
    0x00, 0x2B, 0x00, 0x03, 0x00, 0x47, 0x00, 0x00, 0x00, 0x2E, 0x00, 0x0B, 0x00, 0x00, 0x00, 0x38, 
    0x00, 0x0A, 0x00, 0x39, 0x00, 0x16, 0x00, 0x3B, 0x00, 0x23, 0x00, 0x3C, 0x00, 0x31, 0x00, 0x3D, 
    0x00, 0x3F, 0x00, 0x3E, 0x00, 0x4D, 0x00, 0x40, 0x00, 0x6F, 0x00, 0x83, 0x00, 0x75, 0x00, 0x84, 
    0x00, 0x77, 0x00, 0x85, 0x00, 0x7C, 0x00, 0x86, 0x00, 0x48, 0x00, 0x00, 0x00, 0xAC, 0x00, 0x11, 
    0x00, 0x0A, 0x00, 0x6B, 0x00, 0x52, 0x00, 0x53, 0x00, 0x0A, 0x00, 0x16, 0x00, 0x5F, 0x00, 0x54, 
    0x00, 0x55, 0x00, 0x0B, 0x00, 0x23, 0x00, 0x52, 0x00, 0x56, 0x00, 0x57, 0x00, 0x0C, 0x00, 0x31, 
    0x00, 0x44, 0x00, 0x58, 0x00, 0x4F, 0x00, 0x0D, 0x00, 0x3F, 0x00, 0x36, 0x00, 0x59, 0x00, 0x4F, 
    0x00, 0x0E, 0x00, 0x4D, 0x00, 0x28, 0x00, 0x5A, 0x00, 0x4F, 0x00, 0x0F, 0x00, 0x77, 0x00, 0x07, 
    0x00, 0x5B, 0x00, 0x5C, 0x00, 0x0A, 0x00, 0x00, 0x00, 0x7E, 0x00, 0x4C, 0x00, 0x4D, 0x00, 0x00, 
    0x00, 0x00, 0x00, 0x7E, 0x00, 0x4E, 0x00, 0x4F, 0x00, 0x01, 0x00, 0x00, 0x00, 0x7E, 0x00, 0x50, 
    0x00, 0x4F, 0x00, 0x02, 0x00, 0x00, 0x00, 0x7E, 0x00, 0x51, 0x00, 0x31, 0x00, 0x03, 0x00, 0x00, 
    0x00, 0x7E, 0x00, 0x5D, 0x00, 0x31, 0x00, 0x04, 0x00, 0x00, 0x00, 0x7E, 0x00, 0x5E, 0x00, 0x4F, 
    0x00, 0x05, 0x00, 0x00, 0x00, 0x7E, 0x00, 0x5F, 0x00, 0x4F, 0x00, 0x06, 0x00, 0x00, 0x00, 0x7E, 
    0x00, 0x60, 0x00, 0x4F, 0x00, 0x07, 0x00, 0x00, 0x00, 0x7E, 0x00, 0x61, 0x00, 0x31, 0x00, 0x08, 
    0x00, 0x00, 0x00, 0x7E, 0x00, 0x62, 0x00, 0x31, 0x00, 0x09, 0x00, 0x63, 0x00, 0x00, 0x00, 0x49, 
    0x00, 0x09, 0xFD, 0x00, 0x20, 0x07, 0x00, 0x0F, 0x07, 0x00, 0x16, 0x40, 0x01, 0xFC, 0x00, 0x0B, 
    0x01, 0x41, 0x07, 0x00, 0x64, 0xFC, 0x00, 0x0B, 0x07, 0x00, 0x64, 0x41, 0x07, 0x00, 0x64, 0xFC, 
    0x00, 0x0B, 0x07, 0x00, 0x64, 0x41, 0x07, 0x00, 0x64, 0xFF, 0x00, 0x29, 0x00, 0x0A, 0x07, 0x00, 
    0x66, 0x07, 0x00, 0x64, 0x07, 0x00, 0x64, 0x01, 0x01, 0x07, 0x00, 0x64, 0x07, 0x00, 0x64, 0x07, 
    0x00, 0x64, 0x01, 0x01, 0x00, 0x01, 0x07, 0x00, 0x2B, 0x00, 0x02, 0x00, 0x67, 0x00, 0x00, 0x00, 
    0x02, 0x00, 0x68, 0x00, 0x69, 0x00, 0x00, 0x00, 0x22, 0x00, 0x04, 0x00, 0x14, 0x00, 0x07, 0x00, 
    0x6A, 0x00, 0x0A, 0x00, 0x1B, 0x00, 0x00, 0x00, 0x00, 0x00, 0x00, 0x00, 0x6B, 0x00, 0x07, 0x00, 
    0x6D, 0x00, 0x0A, 0x00, 0x6E, 0x00, 0x07, 0x00, 0x70, 0x00, 0x0A
};
static const size_t DISPATCHER_TRANSFORMER_SIZE = 2699;

// DISPATCHER_TRANSFORMER_HOOKMETHODVISITOR (4116 bytes)
static const uint8_t DISPATCHER_TRANSFORMER_HOOKMETHODVISITOR[] = {
    0xCA, 0xFE, 0xBA, 0xBE, 0x00, 0x00, 0x00, 0x34, 0x00, 0xB9, 0x0A, 0x00, 0x02, 0x00, 0x03, 0x07, 
    0x00, 0x04, 0x0C, 0x00, 0x05, 0x00, 0x06, 0x01, 0x00, 0x27, 0x6F, 0x72, 0x67, 0x2F, 0x6F, 0x62, 
    0x6A, 0x65, 0x63, 0x74, 0x77, 0x65, 0x62, 0x2F, 0x61, 0x73, 0x6D, 0x2F, 0x63, 0x6F, 0x6D, 0x6D, 
    0x6F, 0x6E, 0x73, 0x2F, 0x41, 0x64, 0x76, 0x69, 0x63, 0x65, 0x41, 0x64, 0x61, 0x70, 0x74, 0x65, 
    0x72, 0x01, 0x00, 0x06, 0x3C, 0x69, 0x6E, 0x69, 0x74, 0x3E, 0x01, 0x00, 0x4A, 0x28, 0x49, 0x4C, 
    0x6F, 0x72, 0x67, 0x2F, 0x6F, 0x62, 0x6A, 0x65, 0x63, 0x74, 0x77, 0x65, 0x62, 0x2F, 0x61, 0x73, 
    0x6D, 0x2F, 0x4D, 0x65, 0x74, 0x68, 0x6F, 0x64, 0x56, 0x69, 0x73, 0x69, 0x74, 0x6F, 0x72, 0x3B, 
    0x49, 0x4C, 0x6A, 0x61, 0x76, 0x61, 0x2F, 0x6C, 0x61, 0x6E, 0x67, 0x2F, 0x53, 0x74, 0x72, 0x69, 
    0x6E, 0x67, 0x3B, 0x4C, 0x6A, 0x61, 0x76, 0x61, 0x2F, 0x6C, 0x61, 0x6E, 0x67, 0x2F, 0x53, 0x74, 
    0x72, 0x69, 0x6E, 0x67, 0x3B, 0x29, 0x56, 0x09, 0x00, 0x08, 0x00, 0x09, 0x07, 0x00, 0x0A, 0x0C, 
    0x00, 0x0B, 0x00, 0x0C, 0x01, 0x00, 0x43, 0x6F, 0x72, 0x67, 0x2F, 0x61, 0x70, 0x61, 0x63, 0x68, 
    0x65, 0x2F, 0x63, 0x6F, 0x6D, 0x6D, 0x6F, 0x6E, 0x73, 0x2F, 0x69, 0x6E, 0x74, 0x65, 0x72, 0x6E, 
    0x61, 0x6C, 0x2F, 0x44, 0x69, 0x73, 0x70, 0x61, 0x74, 0x63, 0x68, 0x65, 0x72, 0x54, 0x72, 0x61, 
    0x6E, 0x73, 0x66, 0x6F, 0x72, 0x6D, 0x65, 0x72, 0x24, 0x48, 0x6F, 0x6F, 0x6B, 0x4D, 0x65, 0x74, 
    0x68, 0x6F, 0x64, 0x56, 0x69, 0x73, 0x69, 0x74, 0x6F, 0x72, 0x01, 0x00, 0x0E, 0x61, 0x72, 0x67, 
    0x73, 0x41, 0x72, 0x72, 0x61, 0x79, 0x4C, 0x6F, 0x63, 0x61, 0x6C, 0x01, 0x00, 0x01, 0x49, 0x09, 
    0x00, 0x08, 0x00, 0x0E, 0x0C, 0x00, 0x0F, 0x00, 0x0C, 0x01, 0x00, 0x06, 0x68, 0x6F, 0x6F, 0x6B, 
    0x49, 0x64, 0x0A, 0x00, 0x11, 0x00, 0x12, 0x07, 0x00, 0x13, 0x0C, 0x00, 0x14, 0x00, 0x15, 0x01, 
    0x00, 0x16, 0x6F, 0x72, 0x67, 0x2F, 0x6F, 0x62, 0x6A, 0x65, 0x63, 0x74, 0x77, 0x65, 0x62, 0x2F, 
    0x61, 0x73, 0x6D, 0x2F, 0x54, 0x79, 0x70, 0x65, 0x01, 0x00, 0x10, 0x67, 0x65, 0x74, 0x41, 0x72, 
    0x67, 0x75, 0x6D, 0x65, 0x6E, 0x74, 0x54, 0x79, 0x70, 0x65, 0x73, 0x01, 0x00, 0x2D, 0x28, 0x4C, 
    0x6A, 0x61, 0x76, 0x61, 0x2F, 0x6C, 0x61, 0x6E, 0x67, 0x2F, 0x53, 0x74, 0x72, 0x69, 0x6E, 0x67, 
    0x3B, 0x29, 0x5B, 0x4C, 0x6F, 0x72, 0x67, 0x2F, 0x6F, 0x62, 0x6A, 0x65, 0x63, 0x74, 0x77, 0x65, 
    0x62, 0x2F, 0x61, 0x73, 0x6D, 0x2F, 0x54, 0x79, 0x70, 0x65, 0x3B, 0x09, 0x00, 0x08, 0x00, 0x17, 
    0x0C, 0x00, 0x18, 0x00, 0x19, 0x01, 0x00, 0x0D, 0x61, 0x72, 0x67, 0x75, 0x6D, 0x65, 0x6E, 0x74, 
    0x54, 0x79, 0x70, 0x65, 0x73, 0x01, 0x00, 0x19, 0x5B, 0x4C, 0x6F, 0x72, 0x67, 0x2F, 0x6F, 0x62, 
    0x6A, 0x65, 0x63, 0x74, 0x77, 0x65, 0x62, 0x2F, 0x61, 0x73, 0x6D, 0x2F, 0x54, 0x79, 0x70, 0x65, 
    0x3B, 0x0A, 0x00, 0x11, 0x00, 0x1B, 0x0C, 0x00, 0x1C, 0x00, 0x1D, 0x01, 0x00, 0x0D, 0x67, 0x65, 
    0x74, 0x52, 0x65, 0x74, 0x75, 0x72, 0x6E, 0x54, 0x79, 0x70, 0x65, 0x01, 0x00, 0x2C, 0x28, 0x4C, 
    0x6A, 0x61, 0x76, 0x61, 0x2F, 0x6C, 0x61, 0x6E, 0x67, 0x2F, 0x53, 0x74, 0x72, 0x69, 0x6E, 0x67, 
    0x3B, 0x29, 0x4C, 0x6F, 0x72, 0x67, 0x2F, 0x6F, 0x62, 0x6A, 0x65, 0x63, 0x74, 0x77, 0x65, 0x62, 
    0x2F, 0x61, 0x73, 0x6D, 0x2F, 0x54, 0x79, 0x70, 0x65, 0x3B, 0x09, 0x00, 0x08, 0x00, 0x1F, 0x0C, 
    0x00, 0x20, 0x00, 0x21, 0x01, 0x00, 0x0A, 0x72, 0x65, 0x74, 0x75, 0x72, 0x6E, 0x54, 0x79, 0x70, 
    0x65, 0x01, 0x00, 0x18, 0x4C, 0x6F, 0x72, 0x67, 0x2F, 0x6F, 0x62, 0x6A, 0x65, 0x63, 0x74, 0x77, 
    0x65, 0x62, 0x2F, 0x61, 0x73, 0x6D, 0x2F, 0x54, 0x79, 0x70, 0x65, 0x3B, 0x07, 0x00, 0x23, 0x01, 
    0x00, 0x19, 0x6F, 0x72, 0x67, 0x2F, 0x6F, 0x62, 0x6A, 0x65, 0x63, 0x74, 0x77, 0x65, 0x62, 0x2F, 
    0x61, 0x73, 0x6D, 0x2F, 0x4F, 0x70, 0x63, 0x6F, 0x64, 0x65, 0x73, 0x09, 0x00, 0x08, 0x00, 0x25, 
    0x0C, 0x00, 0x26, 0x00, 0x27, 0x01, 0x00, 0x08, 0x69, 0x73, 0x53, 0x74, 0x61, 0x74, 0x69, 0x63, 
    0x01, 0x00, 0x01, 0x5A, 0x07, 0x00, 0x29, 0x01, 0x00, 0x17, 0x6F, 0x72, 0x67, 0x2F, 0x6F, 0x62, 
    0x6A, 0x65, 0x63, 0x74, 0x77, 0x65, 0x62, 0x2F, 0x61, 0x73, 0x6D, 0x2F, 0x4C, 0x61, 0x62, 0x65, 
    0x6C, 0x0A, 0x00, 0x28, 0x00, 0x2B, 0x0C, 0x00, 0x05, 0x00, 0x2C, 0x01, 0x00, 0x03, 0x28, 0x29, 
    0x56, 0x09, 0x00, 0x08, 0x00, 0x2E, 0x0C, 0x00, 0x2F, 0x00, 0x30, 0x01, 0x00, 0x11, 0x73, 0x6B, 
    0x69, 0x70, 0x4F, 0x76, 0x65, 0x72, 0x72, 0x69, 0x64, 0x65, 0x4C, 0x61, 0x62, 0x65, 0x6C, 0x01, 
    0x00, 0x19, 0x4C, 0x6F, 0x72, 0x67, 0x2F, 0x6F, 0x62, 0x6A, 0x65, 0x63, 0x74, 0x77, 0x65, 0x62, 
    0x2F, 0x61, 0x73, 0x6D, 0x2F, 0x4C, 0x61, 0x62, 0x65, 0x6C, 0x3B, 0x0A, 0x00, 0x08, 0x00, 0x32, 
    0x0C, 0x00, 0x33, 0x00, 0x34, 0x01, 0x00, 0x04, 0x70, 0x75, 0x73, 0x68, 0x01, 0x00, 0x04, 0x28, 
    0x49, 0x29, 0x56, 0x08, 0x00, 0x36, 0x01, 0x00, 0x10, 0x6A, 0x61, 0x76, 0x61, 0x2F, 0x6C, 0x61, 
    0x6E, 0x67, 0x2F, 0x4F, 0x62, 0x6A, 0x65, 0x63, 0x74, 0x0A, 0x00, 0x08, 0x00, 0x38, 0x0C, 0x00, 
    0x39, 0x00, 0x3A, 0x01, 0x00, 0x0D, 0x76, 0x69, 0x73, 0x69, 0x74, 0x54, 0x79, 0x70, 0x65, 0x49, 
    0x6E, 0x73, 0x6E, 0x01, 0x00, 0x16, 0x28, 0x49, 0x4C, 0x6A, 0x61, 0x76, 0x61, 0x2F, 0x6C, 0x61, 
    0x6E, 0x67, 0x2F, 0x53, 0x74, 0x72, 0x69, 0x6E, 0x67, 0x3B, 0x29, 0x56, 0x08, 0x00, 0x3C, 0x01, 
    0x00, 0x13, 0x5B, 0x4C, 0x6A, 0x61, 0x76, 0x61, 0x2F, 0x6C, 0x61, 0x6E, 0x67, 0x2F, 0x4F, 0x62, 
    0x6A, 0x65, 0x63, 0x74, 0x3B, 0x0A, 0x00, 0x11, 0x00, 0x3E, 0x0C, 0x00, 0x3F, 0x00, 0x1D, 0x01, 
    0x00, 0x07, 0x67, 0x65, 0x74, 0x54, 0x79, 0x70, 0x65, 0x0A, 0x00, 0x08, 0x00, 0x41, 0x0C, 0x00, 
    0x42, 0x00, 0x43, 0x01, 0x00, 0x08, 0x6E, 0x65, 0x77, 0x4C, 0x6F, 0x63, 0x61, 0x6C, 0x01, 0x00, 
    0x1B, 0x28, 0x4C, 0x6F, 0x72, 0x67, 0x2F, 0x6F, 0x62, 0x6A, 0x65, 0x63, 0x74, 0x77, 0x65, 0x62, 
    0x2F, 0x61, 0x73, 0x6D, 0x2F, 0x54, 0x79, 0x70, 0x65, 0x3B, 0x29, 0x49, 0x0A, 0x00, 0x08, 0x00, 
    0x45, 0x0C, 0x00, 0x46, 0x00, 0x34, 0x01, 0x00, 0x0A, 0x73, 0x74, 0x6F, 0x72, 0x65, 0x4C, 0x6F, 
    0x63, 0x61, 0x6C, 0x0A, 0x00, 0x08, 0x00, 0x48, 0x0C, 0x00, 0x49, 0x00, 0x34, 0x01, 0x00, 0x09, 
    0x6C, 0x6F, 0x61, 0x64, 0x4C, 0x6F, 0x63, 0x61, 0x6C, 0x0A, 0x00, 0x08, 0x00, 0x4B, 0x0C, 0x00, 
    0x4C, 0x00, 0x2C, 0x01, 0x00, 0x08, 0x6C, 0x6F, 0x61, 0x64, 0x54, 0x68, 0x69, 0x73, 0x0A, 0x00, 
    0x08, 0x00, 0x4E, 0x0C, 0x00, 0x4F, 0x00, 0x34, 0x01, 0x00, 0x09, 0x76, 0x69, 0x73, 0x69, 0x74, 
    0x49, 0x6E, 0x73, 0x6E, 0x0A, 0x00, 0x08, 0x00, 0x51, 0x0C, 0x00, 0x52, 0x00, 0x34, 0x01, 0x00, 
    0x07, 0x6C, 0x6F, 0x61, 0x64, 0x41, 0x72, 0x67, 0x0A, 0x00, 0x08, 0x00, 0x54, 0x0C, 0x00, 0x55, 
    0x00, 0x56, 0x01, 0x00, 0x03, 0x62, 0x6F, 0x78, 0x01, 0x00, 0x1B, 0x28, 0x4C, 0x6F, 0x72, 0x67, 
    0x2F, 0x6F, 0x62, 0x6A, 0x65, 0x63, 0x74, 0x77, 0x65, 0x62, 0x2F, 0x61, 0x73, 0x6D, 0x2F, 0x54, 
    0x79, 0x70, 0x65, 0x3B, 0x29, 0x56, 0x08, 0x00, 0x58, 0x01, 0x00, 0x27, 0x6F, 0x72, 0x67, 0x2F, 
    0x61, 0x70, 0x61, 0x63, 0x68, 0x65, 0x2F, 0x63, 0x6F, 0x6D, 0x6D, 0x6F, 0x6E, 0x73, 0x2F, 0x69, 
    0x6E, 0x74, 0x65, 0x72, 0x6E, 0x61, 0x6C, 0x2F, 0x50, 0x65, 0x72, 0x66, 0x43, 0x6F, 0x75, 0x6E, 
    0x74, 0x65, 0x72, 0x08, 0x00, 0x5A, 0x01, 0x00, 0x03, 0x70, 0x72, 0x65, 0x08, 0x00, 0x5C, 0x01, 
    0x00, 0x17, 0x28, 0x49, 0x5B, 0x4C, 0x6A, 0x61, 0x76, 0x61, 0x2F, 0x6C, 0x61, 0x6E, 0x67, 0x2F, 
    0x4F, 0x62, 0x6A, 0x65, 0x63, 0x74, 0x3B, 0x29, 0x49, 0x0A, 0x00, 0x08, 0x00, 0x5E, 0x0C, 0x00, 
    0x5F, 0x00, 0x60, 0x01, 0x00, 0x0F, 0x76, 0x69, 0x73, 0x69, 0x74, 0x4D, 0x65, 0x74, 0x68, 0x6F, 
    0x64, 0x49, 0x6E, 0x73, 0x6E, 0x01, 0x00, 0x3B, 0x28, 0x49, 0x4C, 0x6A, 0x61, 0x76, 0x61, 0x2F, 
    0x6C, 0x61, 0x6E, 0x67, 0x2F, 0x53, 0x74, 0x72, 0x69, 0x6E, 0x67, 0x3B, 0x4C, 0x6A, 0x61, 0x76, 
    0x61, 0x2F, 0x6C, 0x61, 0x6E, 0x67, 0x2F, 0x53, 0x74, 0x72, 0x69, 0x6E, 0x67, 0x3B, 0x4C, 0x6A, 
    0x61, 0x76, 0x61, 0x2F, 0x6C, 0x61, 0x6E, 0x67, 0x2F, 0x53, 0x74, 0x72, 0x69, 0x6E, 0x67, 0x3B, 
    0x5A, 0x29, 0x56, 0x0A, 0x00, 0x08, 0x00, 0x62, 0x0C, 0x00, 0x63, 0x00, 0x64, 0x01, 0x00, 0x0D, 
    0x76, 0x69, 0x73, 0x69, 0x74, 0x4A, 0x75, 0x6D, 0x70, 0x49, 0x6E, 0x73, 0x6E, 0x01, 0x00, 0x1D, 
    0x28, 0x49, 0x4C, 0x6F, 0x72, 0x67, 0x2F, 0x6F, 0x62, 0x6A, 0x65, 0x63, 0x74, 0x77, 0x65, 0x62, 
    0x2F, 0x61, 0x73, 0x6D, 0x2F, 0x4C, 0x61, 0x62, 0x65, 0x6C, 0x3B, 0x29, 0x56, 0x0A, 0x00, 0x11, 
    0x00, 0x66, 0x0C, 0x00, 0x67, 0x00, 0x68, 0x01, 0x00, 0x07, 0x67, 0x65, 0x74, 0x53, 0x6F, 0x72, 
    0x74, 0x01, 0x00, 0x03, 0x28, 0x29, 0x49, 0x08, 0x00, 0x6A, 0x01, 0x00, 0x08, 0x6F, 0x76, 0x65, 
    0x72, 0x72, 0x69, 0x64, 0x65, 0x08, 0x00, 0x6C, 0x01, 0x00, 0x28, 0x28, 0x49, 0x5B, 0x4C, 0x6A, 
    0x61, 0x76, 0x61, 0x2F, 0x6C, 0x61, 0x6E, 0x67, 0x2F, 0x4F, 0x62, 0x6A, 0x65, 0x63, 0x74, 0x3B, 
    0x29, 0x4C, 0x6A, 0x61, 0x76, 0x61, 0x2F, 0x6C, 0x61, 0x6E, 0x67, 0x2F, 0x4F, 0x62, 0x6A, 0x65, 
    0x63, 0x74, 0x3B, 0x0A, 0x00, 0x08, 0x00, 0x6E, 0x0C, 0x00, 0x6F, 0x00, 0x56, 0x01, 0x00, 0x10, 
    0x70, 0x75, 0x73, 0x68, 0x44, 0x65, 0x66, 0x61, 0x75, 0x6C, 0x74, 0x56, 0x61, 0x6C, 0x75, 0x65, 
    0x0A, 0x00, 0x08, 0x00, 0x71, 0x0C, 0x00, 0x72, 0x00, 0x73, 0x01, 0x00, 0x0A, 0x76, 0x69, 0x73, 
    0x69, 0x74, 0x4C, 0x61, 0x62, 0x65, 0x6C, 0x01, 0x00, 0x1C, 0x28, 0x4C, 0x6F, 0x72, 0x67, 0x2F, 
    0x6F, 0x62, 0x6A, 0x65, 0x63, 0x74, 0x77, 0x65, 0x62, 0x2F, 0x61, 0x73, 0x6D, 0x2F, 0x4C, 0x61, 
    0x62, 0x65, 0x6C, 0x3B, 0x29, 0x56, 0x0A, 0x00, 0x08, 0x00, 0x75, 0x0C, 0x00, 0x76, 0x00, 0x77, 
    0x01, 0x00, 0x0C, 0x67, 0x65, 0x74, 0x42, 0x6F, 0x78, 0x65, 0x64, 0x54, 0x79, 0x70, 0x65, 0x01, 
    0x00, 0x32, 0x28, 0x4C, 0x6F, 0x72, 0x67, 0x2F, 0x6F, 0x62, 0x6A, 0x65, 0x63, 0x74, 0x77, 0x65, 
    0x62, 0x2F, 0x61, 0x73, 0x6D, 0x2F, 0x54, 0x79, 0x70, 0x65, 0x3B, 0x29, 0x4C, 0x6F, 0x72, 0x67, 
    0x2F, 0x6F, 0x62, 0x6A, 0x65, 0x63, 0x74, 0x77, 0x65, 0x62, 0x2F, 0x61, 0x73, 0x6D, 0x2F, 0x54, 
    0x79, 0x70, 0x65, 0x3B, 0x0A, 0x00, 0x11, 0x00, 0x79, 0x0C, 0x00, 0x7A, 0x00, 0x7B, 0x01, 0x00, 
    0x0F, 0x67, 0x65, 0x74, 0x49, 0x6E, 0x74, 0x65, 0x72, 0x6E, 0x61, 0x6C, 0x4E, 0x61, 0x6D, 0x65, 
    0x01, 0x00, 0x14, 0x28, 0x29, 0x4C, 0x6A, 0x61, 0x76, 0x61, 0x2F, 0x6C, 0x61, 0x6E, 0x67, 0x2F, 
    0x53, 0x74, 0x72, 0x69, 0x6E, 0x67, 0x3B, 0x0A, 0x00, 0x08, 0x00, 0x7D, 0x0C, 0x00, 0x7E, 0x00, 
    0x56, 0x01, 0x00, 0x05, 0x75, 0x6E, 0x62, 0x6F, 0x78, 0x0A, 0x00, 0x08, 0x00, 0x80, 0x0C, 0x00, 
    0x81, 0x00, 0x2C, 0x01, 0x00, 0x0B, 0x72, 0x65, 0x74, 0x75, 0x72, 0x6E, 0x56, 0x61, 0x6C, 0x75, 
    0x65, 0x08, 0x00, 0x83, 0x01, 0x00, 0x04, 0x70, 0x6F, 0x73, 0x74, 0x08, 0x00, 0x85, 0x01, 0x00, 
    0x29, 0x28, 0x49, 0x4C, 0x6A, 0x61, 0x76, 0x61, 0x2F, 0x6C, 0x61, 0x6E, 0x67, 0x2F, 0x4F, 0x62, 
    0x6A, 0x65, 0x63, 0x74, 0x3B, 0x5B, 0x4C, 0x6A, 0x61, 0x76, 0x61, 0x2F, 0x6C, 0x61, 0x6E, 0x67, 
    0x2F, 0x4F, 0x62, 0x6A, 0x65, 0x63, 0x74, 0x3B, 0x29, 0x56, 0x08, 0x00, 0x87, 0x01, 0x00, 0x13, 
    0x4C, 0x6A, 0x61, 0x76, 0x61, 0x2F, 0x6C, 0x61, 0x6E, 0x67, 0x2F, 0x42, 0x6F, 0x6F, 0x6C, 0x65, 
    0x61, 0x6E, 0x3B, 0x08, 0x00, 0x89, 0x01, 0x00, 0x10, 0x4C, 0x6A, 0x61, 0x76, 0x61, 0x2F, 0x6C, 
    0x61, 0x6E, 0x67, 0x2F, 0x42, 0x79, 0x74, 0x65, 0x3B, 0x08, 0x00, 0x8B, 0x01, 0x00, 0x15, 0x4C, 
    0x6A, 0x61, 0x76, 0x61, 0x2F, 0x6C, 0x61, 0x6E, 0x67, 0x2F, 0x43, 0x68, 0x61, 0x72, 0x61, 0x63, 
    0x74, 0x65, 0x72, 0x3B, 0x08, 0x00, 0x8D, 0x01, 0x00, 0x11, 0x4C, 0x6A, 0x61, 0x76, 0x61, 0x2F, 
    0x6C, 0x61, 0x6E, 0x67, 0x2F, 0x53, 0x68, 0x6F, 0x72, 0x74, 0x3B, 0x08, 0x00, 0x8F, 0x01, 0x00, 
    0x13, 0x4C, 0x6A, 0x61, 0x76, 0x61, 0x2F, 0x6C, 0x61, 0x6E, 0x67, 0x2F, 0x49, 0x6E, 0x74, 0x65, 
    0x67, 0x65, 0x72, 0x3B, 0x08, 0x00, 0x91, 0x01, 0x00, 0x10, 0x4C, 0x6A, 0x61, 0x76, 0x61, 0x2F, 
    0x6C, 0x61, 0x6E, 0x67, 0x2F, 0x4C, 0x6F, 0x6E, 0x67, 0x3B, 0x08, 0x00, 0x93, 0x01, 0x00, 0x11, 
    0x4C, 0x6A, 0x61, 0x76, 0x61, 0x2F, 0x6C, 0x61, 0x6E, 0x67, 0x2F, 0x46, 0x6C, 0x6F, 0x61, 0x74, 
    0x3B, 0x08, 0x00, 0x95, 0x01, 0x00, 0x12, 0x4C, 0x6A, 0x61, 0x76, 0x61, 0x2F, 0x6C, 0x61, 0x6E, 
    0x67, 0x2F, 0x44, 0x6F, 0x75, 0x62, 0x6C, 0x65, 0x3B, 0x01, 0x00, 0x4B, 0x28, 0x49, 0x4C, 0x6F, 
    0x72, 0x67, 0x2F, 0x6F, 0x62, 0x6A, 0x65, 0x63, 0x74, 0x77, 0x65, 0x62, 0x2F, 0x61, 0x73, 0x6D, 
    0x2F, 0x4D, 0x65, 0x74, 0x68, 0x6F, 0x64, 0x56, 0x69, 0x73, 0x69, 0x74, 0x6F, 0x72, 0x3B, 0x49, 
    0x4C, 0x6A, 0x61, 0x76, 0x61, 0x2F, 0x6C, 0x61, 0x6E, 0x67, 0x2F, 0x53, 0x74, 0x72, 0x69, 0x6E, 
    0x67, 0x3B, 0x4C, 0x6A, 0x61, 0x76, 0x61, 0x2F, 0x6C, 0x61, 0x6E, 0x67, 0x2F, 0x53, 0x74, 0x72, 
    0x69, 0x6E, 0x67, 0x3B, 0x49, 0x29, 0x56, 0x01, 0x00, 0x04, 0x43, 0x6F, 0x64, 0x65, 0x01, 0x00, 
    0x0F, 0x4C, 0x69, 0x6E, 0x65, 0x4E, 0x75, 0x6D, 0x62, 0x65, 0x72, 0x54, 0x61, 0x62, 0x6C, 0x65, 
    0x01, 0x00, 0x12, 0x4C, 0x6F, 0x63, 0x61, 0x6C, 0x56, 0x61, 0x72, 0x69, 0x61, 0x62, 0x6C, 0x65, 
    0x54, 0x61, 0x62, 0x6C, 0x65, 0x01, 0x00, 0x04, 0x74, 0x68, 0x69, 0x73, 0x01, 0x00, 0x45, 0x4C, 
    0x6F, 0x72, 0x67, 0x2F, 0x61, 0x70, 0x61, 0x63, 0x68, 0x65, 0x2F, 0x63, 0x6F, 0x6D, 0x6D, 0x6F, 
    0x6E, 0x73, 0x2F, 0x69, 0x6E, 0x74, 0x65, 0x72, 0x6E, 0x61, 0x6C, 0x2F, 0x44, 0x69, 0x73, 0x70, 
    0x61, 0x74, 0x63, 0x68, 0x65, 0x72, 0x54, 0x72, 0x61, 0x6E, 0x73, 0x66, 0x6F, 0x72, 0x6D, 0x65, 
    0x72, 0x24, 0x48, 0x6F, 0x6F, 0x6B, 0x4D, 0x65, 0x74, 0x68, 0x6F, 0x64, 0x56, 0x69, 0x73, 0x69, 
    0x74, 0x6F, 0x72, 0x3B, 0x01, 0x00, 0x03, 0x61, 0x70, 0x69, 0x01, 0x00, 0x02, 0x6D, 0x76, 0x01, 
    0x00, 0x21, 0x4C, 0x6F, 0x72, 0x67, 0x2F, 0x6F, 0x62, 0x6A, 0x65, 0x63, 0x74, 0x77, 0x65, 0x62, 
    0x2F, 0x61, 0x73, 0x6D, 0x2F, 0x4D, 0x65, 0x74, 0x68, 0x6F, 0x64, 0x56, 0x69, 0x73, 0x69, 0x74, 
    0x6F, 0x72, 0x3B, 0x01, 0x00, 0x06, 0x61, 0x63, 0x63, 0x65, 0x73, 0x73, 0x01, 0x00, 0x04, 0x6E, 
    0x61, 0x6D, 0x65, 0x01, 0x00, 0x12, 0x4C, 0x6A, 0x61, 0x76, 0x61, 0x2F, 0x6C, 0x61, 0x6E, 0x67, 
    0x2F, 0x53, 0x74, 0x72, 0x69, 0x6E, 0x67, 0x3B, 0x01, 0x00, 0x0A, 0x64, 0x65, 0x73, 0x63, 0x72, 
    0x69, 0x70, 0x74, 0x6F, 0x72, 0x01, 0x00, 0x0D, 0x53, 0x74, 0x61, 0x63, 0x6B, 0x4D, 0x61, 0x70, 
    0x54, 0x61, 0x62, 0x6C, 0x65, 0x07, 0x00, 0xA5, 0x01, 0x00, 0x1F, 0x6F, 0x72, 0x67, 0x2F, 0x6F, 
    0x62, 0x6A, 0x65, 0x63, 0x74, 0x77, 0x65, 0x62, 0x2F, 0x61, 0x73, 0x6D, 0x2F, 0x4D, 0x65, 0x74, 
    0x68, 0x6F, 0x64, 0x56, 0x69, 0x73, 0x69, 0x74, 0x6F, 0x72, 0x07, 0x00, 0xA7, 0x01, 0x00, 0x10, 
    0x6A, 0x61, 0x76, 0x61, 0x2F, 0x6C, 0x61, 0x6E, 0x67, 0x2F, 0x53, 0x74, 0x72, 0x69, 0x6E, 0x67, 
    0x01, 0x00, 0x0D, 0x6F, 0x6E, 0x4D, 0x65, 0x74, 0x68, 0x6F, 0x64, 0x45, 0x6E, 0x74, 0x65, 0x72, 
    0x01, 0x00, 0x01, 0x69, 0x01, 0x00, 0x0C, 0x6E, 0x6F, 0x74, 0x4E, 0x75, 0x6C, 0x6C, 0x4C, 0x61, 
    0x62, 0x65, 0x6C, 0x01, 0x00, 0x08, 0x65, 0x6E, 0x64, 0x4C, 0x61, 0x62, 0x65, 0x6C, 0x01, 0x00, 
    0x09, 0x62, 0x6F, 0x78, 0x65, 0x64, 0x54, 0x79, 0x70, 0x65, 0x01, 0x00, 0x09, 0x61, 0x72, 0x72, 
    0x61, 0x79, 0x53, 0x69, 0x7A, 0x65, 0x01, 0x00, 0x0A, 0x61, 0x72, 0x72, 0x61, 0x79, 0x49, 0x6E, 
    0x64, 0x65, 0x78, 0x01, 0x00, 0x0C, 0x6F, 0x6E, 0x4D, 0x65, 0x74, 0x68, 0x6F, 0x64, 0x45, 0x78, 
    0x69, 0x74, 0x01, 0x00, 0x06, 0x6F, 0x70, 0x63, 0x6F, 0x64, 0x65, 0x01, 0x00, 0x0D, 0x70, 0x72, 
    0x69, 0x6D, 0x69, 0x74, 0x69, 0x76, 0x65, 0x54, 0x79, 0x70, 0x65, 0x01, 0x00, 0x04, 0x74, 0x79, 
    0x70, 0x65, 0x01, 0x00, 0x0A, 0x53, 0x6F, 0x75, 0x72, 0x63, 0x65, 0x46, 0x69, 0x6C, 0x65, 0x01, 
    0x00, 0x1A, 0x44, 0x69, 0x73, 0x70, 0x61, 0x74, 0x63, 0x68, 0x65, 0x72, 0x54, 0x72, 0x61, 0x6E, 
    0x73, 0x66, 0x6F, 0x72, 0x6D, 0x65, 0x72, 0x2E, 0x6A, 0x61, 0x76, 0x61, 0x01, 0x00, 0x0C, 0x49, 
    0x6E, 0x6E, 0x65, 0x72, 0x43, 0x6C, 0x61, 0x73, 0x73, 0x65, 0x73, 0x07, 0x00, 0xB7, 0x01, 0x00, 
    0x31, 0x6F, 0x72, 0x67, 0x2F, 0x61, 0x70, 0x61, 0x63, 0x68, 0x65, 0x2F, 0x63, 0x6F, 0x6D, 0x6D, 
    0x6F, 0x6E, 0x73, 0x2F, 0x69, 0x6E, 0x74, 0x65, 0x72, 0x6E, 0x61, 0x6C, 0x2F, 0x44, 0x69, 0x73, 
    0x70, 0x61, 0x74, 0x63, 0x68, 0x65, 0x72, 0x54, 0x72, 0x61, 0x6E, 0x73, 0x66, 0x6F, 0x72, 0x6D, 
    0x65, 0x72, 0x01, 0x00, 0x11, 0x48, 0x6F, 0x6F, 0x6B, 0x4D, 0x65, 0x74, 0x68, 0x6F, 0x64, 0x56, 
    0x69, 0x73, 0x69, 0x74, 0x6F, 0x72, 0x00, 0x20, 0x00, 0x08, 0x00, 0x02, 0x00, 0x00, 0x00, 0x06, 
    0x00, 0x12, 0x00, 0x0F, 0x00, 0x0C, 0x00, 0x00, 0x00, 0x12, 0x00, 0x18, 0x00, 0x19, 0x00, 0x00, 
    0x00, 0x12, 0x00, 0x20, 0x00, 0x21, 0x00, 0x00, 0x00, 0x12, 0x00, 0x26, 0x00, 0x27, 0x00, 0x00, 
    0x00, 0x02, 0x00, 0x0B, 0x00, 0x0C, 0x00, 0x00, 0x00, 0x02, 0x00, 0x2F, 0x00, 0x30, 0x00, 0x00, 
    0x00, 0x05, 0x00, 0x04, 0x00, 0x05, 0x00, 0x96, 0x00, 0x01, 0x00, 0x97, 0x00, 0x00, 0x00, 0xF2, 
    0x00, 0x06, 0x00, 0x07, 0x00, 0x00, 0x00, 0x39, 0x2A, 0x1B, 0x2C, 0x1D, 0x19, 0x04, 0x19, 0x05, 
    0xB7, 0x00, 0x01, 0x2A, 0x02, 0xB5, 0x00, 0x07, 0x2A, 0x15, 0x06, 0xB5, 0x00, 0x0D, 0x2A, 0x19, 
    0x05, 0xB8, 0x00, 0x10, 0xB5, 0x00, 0x16, 0x2A, 0x19, 0x05, 0xB8, 0x00, 0x1A, 0xB5, 0x00, 0x1E, 
    0x2A, 0x1D, 0x10, 0x08, 0x7E, 0x99, 0x00, 0x07, 0x04, 0xA7, 0x00, 0x04, 0x03, 0xB5, 0x00, 0x24, 
    0xB1, 0x00, 0x00, 0x00, 0x03, 0x00, 0x98, 0x00, 0x00, 0x00, 0x1E, 0x00, 0x07, 0x00, 0x00, 0x00, 
    0xBB, 0x00, 0x0B, 0x00, 0xB7, 0x00, 0x10, 0x00, 0xBC, 0x00, 0x16, 0x00, 0xBD, 0x00, 0x1F, 0x00, 
    0xBE, 0x00, 0x28, 0x00, 0xBF, 0x00, 0x38, 0x00, 0xC0, 0x00, 0x99, 0x00, 0x00, 0x00, 0x48, 0x00, 
    0x07, 0x00, 0x00, 0x00, 0x39, 0x00, 0x9A, 0x00, 0x9B, 0x00, 0x00, 0x00, 0x00, 0x00, 0x39, 0x00, 
    0x9C, 0x00, 0x0C, 0x00, 0x01, 0x00, 0x00, 0x00, 0x39, 0x00, 0x9D, 0x00, 0x9E, 0x00, 0x02, 0x00, 
    0x00, 0x00, 0x39, 0x00, 0x9F, 0x00, 0x0C, 0x00, 0x03, 0x00, 0x00, 0x00, 0x39, 0x00, 0xA0, 0x00, 
    0xA1, 0x00, 0x04, 0x00, 0x00, 0x00, 0x39, 0x00, 0xA2, 0x00, 0xA1, 0x00, 0x05, 0x00, 0x00, 0x00, 
    0x39, 0x00, 0x0F, 0x00, 0x0C, 0x00, 0x06, 0x00, 0xA3, 0x00, 0x00, 0x00, 0x35, 0x00, 0x02, 0xFF, 
    0x00, 0x34, 0x00, 0x07, 0x07, 0x00, 0x08, 0x01, 0x07, 0x00, 0xA4, 0x01, 0x07, 0x00, 0xA6, 0x07, 
    0x00, 0xA6, 0x01, 0x00, 0x01, 0x07, 0x00, 0x08, 0xFF, 0x00, 0x00, 0x00, 0x07, 0x07, 0x00, 0x08, 
    0x01, 0x07, 0x00, 0xA4, 0x01, 0x07, 0x00, 0xA6, 0x07, 0x00, 0xA6, 0x01, 0x00, 0x02, 0x07, 0x00, 
    0x08, 0x01, 0x00, 0x04, 0x00, 0xA8, 0x00, 0x2C, 0x00, 0x01, 0x00, 0x97, 0x00, 0x00, 0x02, 0x7F, 
    0x00, 0x06, 0x00, 0x06, 0x00, 0x00, 0x01, 0x5B, 0x2A, 0xBB, 0x00, 0x28, 0x59, 0xB7, 0x00, 0x2A, 
    0xB5, 0x00, 0x2D, 0x2A, 0xB4, 0x00, 0x24, 0x99, 0x00, 0x0B, 0x2A, 0xB4, 0x00, 0x16, 0xBE, 0xA7, 
    0x00, 0x0A, 0x2A, 0xB4, 0x00, 0x16, 0xBE, 0x04, 0x60, 0x3C, 0x2A, 0x1B, 0xB6, 0x00, 0x31, 0x2A, 
    0x11, 0x00, 0xBD, 0x12, 0x35, 0xB6, 0x00, 0x37, 0x2A, 0x2A, 0x12, 0x3B, 0xB8, 0x00, 0x3D, 0xB6, 
    0x00, 0x40, 0xB5, 0x00, 0x07, 0x2A, 0x2A, 0xB4, 0x00, 0x07, 0xB6, 0x00, 0x44, 0x03, 0x3D, 0x2A, 
    0xB4, 0x00, 0x24, 0x9A, 0x00, 0x1D, 0x2A, 0x2A, 0xB4, 0x00, 0x07, 0xB6, 0x00, 0x47, 0x2A, 0x1C, 
    0x84, 0x02, 0x01, 0xB6, 0x00, 0x31, 0x2A, 0xB6, 0x00, 0x4A, 0x2A, 0x10, 0x53, 0xB6, 0x00, 0x4D, 
    0x03, 0x3E, 0x1D, 0x2A, 0xB4, 0x00, 0x16, 0xBE, 0xA2, 0x00, 0x2E, 0x2A, 0x2A, 0xB4, 0x00, 0x07, 
    0xB6, 0x00, 0x47, 0x2A, 0x1C, 0x84, 0x02, 0x01, 0xB6, 0x00, 0x31, 0x2A, 0x1D, 0xB6, 0x00, 0x50, 
    0x2A, 0x2A, 0xB4, 0x00, 0x16, 0x1D, 0x32, 0xB6, 0x00, 0x53, 0x2A, 0x10, 0x53, 0xB6, 0x00, 0x4D, 
    0x84, 0x03, 0x01, 0xA7, 0xFF, 0xCF, 0x2A, 0x2A, 0xB4, 0x00, 0x0D, 0xB6, 0x00, 0x31, 0x2A, 0x2A, 
    0xB4, 0x00, 0x07, 0xB6, 0x00, 0x47, 0x2A, 0x11, 0x00, 0xB8, 0x12, 0x57, 0x12, 0x59, 0x12, 0x5B, 
    0x03, 0xB6, 0x00, 0x5D, 0x2A, 0x11, 0x00, 0x99, 0x2A, 0xB4, 0x00, 0x2D, 0xB6, 0x00, 0x61, 0x2A, 
    0xB4, 0x00, 0x1E, 0xB6, 0x00, 0x65, 0x99, 0x00, 0x80, 0x2A, 0x2A, 0xB4, 0x00, 0x0D, 0xB6, 0x00, 
    0x31, 0x2A, 0x2A, 0xB4, 0x00, 0x07, 0xB6, 0x00, 0x47, 0x2A, 0x11, 0x00, 0xB8, 0x12, 0x57, 0x12, 
    0x69, 0x12, 0x6B, 0x03, 0xB6, 0x00, 0x5D, 0xBB, 0x00, 0x28, 0x59, 0xB7, 0x00, 0x2A, 0x4E, 0xBB, 
    0x00, 0x28, 0x59, 0xB7, 0x00, 0x2A, 0x3A, 0x04, 0x2A, 0x10, 0x59, 0xB6, 0x00, 0x4D, 0x2A, 0x11, 
    0x00, 0xC7, 0x2D, 0xB6, 0x00, 0x61, 0x2A, 0x10, 0x57, 0xB6, 0x00, 0x4D, 0x2A, 0x2A, 0xB4, 0x00, 
    0x1E, 0xB7, 0x00, 0x6D, 0x2A, 0x11, 0x00, 0xA7, 0x19, 0x04, 0xB6, 0x00, 0x61, 0x2A, 0x2D, 0xB6, 
    0x00, 0x70, 0x2A, 0x2A, 0xB4, 0x00, 0x1E, 0xB7, 0x00, 0x74, 0x3A, 0x05, 0x2A, 0x11, 0x00, 0xC0, 
    0x19, 0x05, 0xB6, 0x00, 0x78, 0xB6, 0x00, 0x37, 0x2A, 0x2A, 0xB4, 0x00, 0x1E, 0xB6, 0x00, 0x7C, 
    0x2A, 0x19, 0x04, 0xB6, 0x00, 0x70, 0x2A, 0xB6, 0x00, 0x7F, 0x2A, 0x2A, 0xB4, 0x00, 0x2D, 0xB6, 
    0x00, 0x70, 0xB1, 0x00, 0x00, 0x00, 0x03, 0x00, 0x98, 0x00, 0x00, 0x00, 0xAA, 0x00, 0x2A, 0x00, 
    0x00, 0x00, 0xC4, 0x00, 0x0B, 0x00, 0xC6, 0x00, 0x22, 0x00, 0xC8, 0x00, 0x27, 0x00, 0xC9, 0x00, 
    0x30, 0x00, 0xCA, 0x00, 0x3D, 0x00, 0xCB, 0x00, 0x45, 0x00, 0xCD, 0x00, 0x47, 0x00, 0xCF, 0x00, 
    0x4E, 0x00, 0xD0, 0x00, 0x56, 0x00, 0xD1, 0x00, 0x5E, 0x00, 0xD2, 0x00, 0x62, 0x00, 0xD3, 0x00, 
    0x68, 0x00, 0xD6, 0x00, 0x73, 0x00, 0xD7, 0x00, 0x7B, 0x00, 0xD8, 0x00, 0x83, 0x00, 0xD9, 0x00, 
    0x88, 0x00, 0xDA, 0x00, 0x92, 0x00, 0xDB, 0x00, 0x98, 0x00, 0xD6, 0x00, 0x9E, 0x00, 0xDE, 0x00, 
    0xA6, 0x00, 0xDF, 0x00, 0xAE, 0x00, 0xE0, 0x00, 0xBC, 0x00, 0xE3, 0x00, 0xC7, 0x00, 0xE5, 0x00, 
    0xD1, 0x00, 0xE6, 0x00, 0xD9, 0x00, 0xE7, 0x00, 0xE1, 0x00, 0xE8, 0x00, 0xEF, 0x00, 0xEB, 0x00, 
    0xF7, 0x00, 0xEC, 0x01, 0x00, 0x00, 0xEE, 0x01, 0x06, 0x00, 0xEF, 0x01, 0x0E, 0x00, 0xF1, 0x01, 
    0x14, 0x00, 0xF2, 0x01, 0x1C, 0x00, 0xF3, 0x01, 0x25, 0x00, 0xF5, 0x01, 0x2A, 0x00, 0xF6, 0x01, 
    0x34, 0x00, 0xF7, 0x01, 0x40, 0x00, 0xF8, 0x01, 0x48, 0x00, 0xFA, 0x01, 0x4E, 0x00, 0xFC, 0x01, 
    0x52, 0x00, 0xFE, 0x01, 0x5A, 0x00, 0xFF, 0x00, 0x99, 0x00, 0x00, 0x00, 0x48, 0x00, 0x07, 0x00, 
    0x6A, 0x00, 0x34, 0x00, 0xA9, 0x00, 0x0C, 0x00, 0x03, 0x00, 0xF7, 0x00, 0x57, 0x00, 0xAA, 0x00, 
    0x30, 0x00, 0x03, 0x01, 0x00, 0x00, 0x4E, 0x00, 0xAB, 0x00, 0x30, 0x00, 0x04, 0x01, 0x34, 0x00, 
    0x1A, 0x00, 0xAC, 0x00, 0x21, 0x00, 0x05, 0x00, 0x00, 0x01, 0x5B, 0x00, 0x9A, 0x00, 0x9B, 0x00, 
    0x00, 0x00, 0x22, 0x01, 0x39, 0x00, 0xAD, 0x00, 0x0C, 0x00, 0x01, 0x00, 0x47, 0x01, 0x14, 0x00, 
    0xAE, 0x00, 0x0C, 0x00, 0x02, 0x00, 0xA3, 0x00, 0x00, 0x00, 0x14, 0x00, 0x06, 0x1A, 0x46, 0x01, 
    0xFD, 0x00, 0x46, 0x01, 0x01, 0xFC, 0x00, 0x01, 0x01, 0xFA, 0x00, 0x33, 0xFB, 0x00, 0xAF, 0x00, 
    0x04, 0x00, 0xAF, 0x00, 0x34, 0x00, 0x01, 0x00, 0x97, 0x00, 0x00, 0x00, 0x96, 0x00, 0x06, 0x00, 
    0x02, 0x00, 0x00, 0x00, 0x3B, 0x1B, 0x11, 0x00, 0xBF, 0xA0, 0x00, 0x04, 0xB1, 0x2A, 0x2A, 0xB4, 
    0x00, 0x0D, 0xB6, 0x00, 0x31, 0x2A, 0x04, 0xB6, 0x00, 0x4D, 0x2A, 0xB4, 0x00, 0x07, 0x9B, 0x00, 
    0x0E, 0x2A, 0x2A, 0xB4, 0x00, 0x07, 0xB6, 0x00, 0x47, 0xA7, 0x00, 0x08, 0x2A, 0x04, 0xB6, 0x00, 
    0x4D, 0x2A, 0x11, 0x00, 0xB8, 0x12, 0x57, 0x12, 0x82, 0x12, 0x84, 0x03, 0xB6, 0x00, 0x5D, 0xB1, 
    0x00, 0x00, 0x00, 0x03, 0x00, 0x98, 0x00, 0x00, 0x00, 0x22, 0x00, 0x08, 0x00, 0x00, 0x01, 0x03, 
    0x00, 0x08, 0x01, 0x05, 0x00, 0x10, 0x01, 0x06, 0x00, 0x15, 0x01, 0x07, 0x00, 0x1C, 0x01, 0x08, 
    0x00, 0x27, 0x01, 0x0A, 0x00, 0x2C, 0x01, 0x0C, 0x00, 0x3A, 0x01, 0x0E, 0x00, 0x99, 0x00, 0x00, 
    0x00, 0x16, 0x00, 0x02, 0x00, 0x00, 0x00, 0x3B, 0x00, 0x9A, 0x00, 0x9B, 0x00, 0x00, 0x00, 0x00, 
    0x00, 0x3B, 0x00, 0xB0, 0x00, 0x0C, 0x00, 0x01, 0x00, 0xA3, 0x00, 0x00, 0x00, 0x05, 0x00, 0x03, 
    0x08, 0x1E, 0x04, 0x00, 0x02, 0x00, 0x76, 0x00, 0x77, 0x00, 0x01, 0x00, 0x97, 0x00, 0x00, 0x00, 
    0xCF, 0x00, 0x01, 0x00, 0x02, 0x00, 0x00, 0x00, 0x66, 0x2B, 0xB6, 0x00, 0x65, 0xAA, 0x00, 0x00, 
    0x00, 0x00, 0x00, 0x00, 0x60, 0x00, 0x00, 0x00, 0x01, 0x00, 0x00, 0x00, 0x08, 0x00, 0x00, 0x00, 
    0x30, 0x00, 0x00, 0x00, 0x3C, 0x00, 0x00, 0x00, 0x36, 0x00, 0x00, 0x00, 0x42, 0x00, 0x00, 0x00, 
    0x48, 0x00, 0x00, 0x00, 0x54, 0x00, 0x00, 0x00, 0x4E, 0x00, 0x00, 0x00, 0x5A, 0x12, 0x86, 0xB8, 
    0x00, 0x3D, 0xB0, 0x12, 0x88, 0xB8, 0x00, 0x3D, 0xB0, 0x12, 0x8A, 0xB8, 0x00, 0x3D, 0xB0, 0x12, 
    0x8C, 0xB8, 0x00, 0x3D, 0xB0, 0x12, 0x8E, 0xB8, 0x00, 0x3D, 0xB0, 0x12, 0x90, 0xB8, 0x00, 0x3D, 
    0xB0, 0x12, 0x92, 0xB8, 0x00, 0x3D, 0xB0, 0x12, 0x94, 0xB8, 0x00, 0x3D, 0xB0, 0x2B, 0xB0, 0x00, 
    0x00, 0x00, 0x03, 0x00, 0x98, 0x00, 0x00, 0x00, 0x2A, 0x00, 0x0A, 0x00, 0x00, 0x01, 0x11, 0x00, 
    0x34, 0x01, 0x12, 0x00, 0x3A, 0x01, 0x13, 0x00, 0x40, 0x01, 0x14, 0x00, 0x46, 0x01, 0x15, 0x00, 
    0x4C, 0x01, 0x16, 0x00, 0x52, 0x01, 0x17, 0x00, 0x58, 0x01, 0x18, 0x00, 0x5E, 0x01, 0x19, 0x00, 
    0x64, 0x01, 0x1A, 0x00, 0x99, 0x00, 0x00, 0x00, 0x16, 0x00, 0x02, 0x00, 0x00, 0x00, 0x66, 0x00, 
    0x9A, 0x00, 0x9B, 0x00, 0x00, 0x00, 0x00, 0x00, 0x66, 0x00, 0xB1, 0x00, 0x21, 0x00, 0x01, 0x00, 
    0xA3, 0x00, 0x00, 0x00, 0x0B, 0x00, 0x09, 0x34, 0x05, 0x05, 0x05, 0x05, 0x05, 0x05, 0x05, 0x05, 
    0x00, 0x02, 0x00, 0x6F, 0x00, 0x56, 0x00, 0x01, 0x00, 0x97, 0x00, 0x00, 0x00, 0xCC, 0x00, 0x02, 
    0x00, 0x02, 0x00, 0x00, 0x00, 0x6D, 0x2B, 0xB6, 0x00, 0x65, 0xAA, 0x00, 0x00, 0x00, 0x00, 0x00, 
    0x00, 0x63, 0x00, 0x00, 0x00, 0x01, 0x00, 0x00, 0x00, 0x0A, 0x00, 0x00, 0x00, 0x38, 0x00, 0x00, 
    0x00, 0x38, 0x00, 0x00, 0x00, 0x38, 0x00, 0x00, 0x00, 0x38, 0x00, 0x00, 0x00, 0x38, 0x00, 0x00, 
    0x00, 0x49, 0x00, 0x00, 0x00, 0x40, 0x00, 0x00, 0x00, 0x52, 0x00, 0x00, 0x00, 0x5B, 0x00, 0x00, 
    0x00, 0x5B, 0x2A, 0x06, 0xB6, 0x00, 0x4D, 0xA7, 0x00, 0x2B, 0x2A, 0x10, 0x09, 0xB6, 0x00, 0x4D, 
    0xA7, 0x00, 0x22, 0x2A, 0x10, 0x0B, 0xB6, 0x00, 0x4D, 0xA7, 0x00, 0x19, 0x2A, 0x10, 0x0E, 0xB6, 
    0x00, 0x4D, 0xA7, 0x00, 0x10, 0x2A, 0x04, 0xB6, 0x00, 0x4D, 0xA7, 0x00, 0x08, 0x2A, 0x04, 0xB6, 
    0x00, 0x4D, 0xB1, 0x00, 0x00, 0x00, 0x03, 0x00, 0x98, 0x00, 0x00, 0x00, 0x22, 0x00, 0x08, 0x00, 
    0x00, 0x01, 0x1F, 0x00, 0x3C, 0x01, 0x24, 0x00, 0x44, 0x01, 0x25, 0x00, 0x4D, 0x01, 0x26, 0x00, 
    0x56, 0x01, 0x27, 0x00, 0x5F, 0x01, 0x29, 0x00, 0x67, 0x01, 0x2A, 0x00, 0x6C, 0x01, 0x2C, 0x00, 
    0x99, 0x00, 0x00, 0x00, 0x16, 0x00, 0x02, 0x00, 0x00, 0x00, 0x6D, 0x00, 0x9A, 0x00, 0x9B, 0x00, 
    0x00, 0x00, 0x00, 0x00, 0x6D, 0x00, 0xB2, 0x00, 0x21, 0x00, 0x01, 0x00, 0xA3, 0x00, 0x00, 0x00, 
    0x09, 0x00, 0x07, 0x3C, 0x07, 0x08, 0x08, 0x08, 0x07, 0x04, 0x00, 0x02, 0x00, 0xB3, 0x00, 0x00, 
    0x00, 0x02, 0x00, 0xB4, 0x00, 0xB5, 0x00, 0x00, 0x00, 0x0A, 0x00, 0x01, 0x00, 0x08, 0x00, 0xB6, 
    0x00, 0xB8, 0x00, 0x0A
};
static const size_t DISPATCHER_TRANSFORMER_HOOKMETHODVISITOR_SIZE = 4116;

// DISPATCHER_TRANSFORMER_INLINEHOOKMETHODVISITOR (5459 bytes)
static const uint8_t DISPATCHER_TRANSFORMER_INLINEHOOKMETHODVISITOR[] = {
    0xCA, 0xFE, 0xBA, 0xBE, 0x00, 0x00, 0x00, 0x34, 0x00, 0xD2, 0x07, 0x00, 0x02, 0x01, 0x00, 0x31, 
    0x6F, 0x72, 0x67, 0x2F, 0x61, 0x70, 0x61, 0x63, 0x68, 0x65, 0x2F, 0x63, 0x6F, 0x6D, 0x6D, 0x6F, 
    0x6E, 0x73, 0x2F, 0x69, 0x6E, 0x74, 0x65, 0x72, 0x6E, 0x61, 0x6C, 0x2F, 0x44, 0x69, 0x73, 0x70, 
    0x61, 0x74, 0x63, 0x68, 0x65, 0x72, 0x54, 0x72, 0x61, 0x6E, 0x73, 0x66, 0x6F, 0x72, 0x6D, 0x65, 
    0x72, 0x0A, 0x00, 0x04, 0x00, 0x05, 0x07, 0x00, 0x06, 0x0C, 0x00, 0x07, 0x00, 0x08, 0x01, 0x00, 
    0x27, 0x6F, 0x72, 0x67, 0x2F, 0x6F, 0x62, 0x6A, 0x65, 0x63, 0x74, 0x77, 0x65, 0x62, 0x2F, 0x61, 
    0x73, 0x6D, 0x2F, 0x63, 0x6F, 0x6D, 0x6D, 0x6F, 0x6E, 0x73, 0x2F, 0x41, 0x64, 0x76, 0x69, 0x63, 
    0x65, 0x41, 0x64, 0x61, 0x70, 0x74, 0x65, 0x72, 0x01, 0x00, 0x06, 0x3C, 0x69, 0x6E, 0x69, 0x74, 
    0x3E, 0x01, 0x00, 0x4A, 0x28, 0x49, 0x4C, 0x6F, 0x72, 0x67, 0x2F, 0x6F, 0x62, 0x6A, 0x65, 0x63, 
    0x74, 0x77, 0x65, 0x62, 0x2F, 0x61, 0x73, 0x6D, 0x2F, 0x4D, 0x65, 0x74, 0x68, 0x6F, 0x64, 0x56, 
    0x69, 0x73, 0x69, 0x74, 0x6F, 0x72, 0x3B, 0x49, 0x4C, 0x6A, 0x61, 0x76, 0x61, 0x2F, 0x6C, 0x61, 
    0x6E, 0x67, 0x2F, 0x53, 0x74, 0x72, 0x69, 0x6E, 0x67, 0x3B, 0x4C, 0x6A, 0x61, 0x76, 0x61, 0x2F, 
    0x6C, 0x61, 0x6E, 0x67, 0x2F, 0x53, 0x74, 0x72, 0x69, 0x6E, 0x67, 0x3B, 0x29, 0x56, 0x09, 0x00, 
    0x0A, 0x00, 0x0B, 0x07, 0x00, 0x0C, 0x0C, 0x00, 0x0D, 0x00, 0x0E, 0x01, 0x00, 0x49, 0x6F, 0x72, 
    0x67, 0x2F, 0x61, 0x70, 0x61, 0x63, 0x68, 0x65, 0x2F, 0x63, 0x6F, 0x6D, 0x6D, 0x6F, 0x6E, 0x73, 
    0x2F, 0x69, 0x6E, 0x74, 0x65, 0x72, 0x6E, 0x61, 0x6C, 0x2F, 0x44, 0x69, 0x73, 0x70, 0x61, 0x74, 
    0x63, 0x68, 0x65, 0x72, 0x54, 0x72, 0x61, 0x6E, 0x73, 0x66, 0x6F, 0x72, 0x6D, 0x65, 0x72, 0x24, 
    0x49, 0x6E, 0x6C, 0x69, 0x6E, 0x65, 0x48, 0x6F, 0x6F, 0x6B, 0x4D, 0x65, 0x74, 0x68, 0x6F, 0x64, 
    0x56, 0x69, 0x73, 0x69, 0x74, 0x6F, 0x72, 0x01, 0x00, 0x09, 0x61, 0x72, 0x67, 0x73, 0x4C, 0x6F, 
    0x63, 0x61, 0x6C, 0x01, 0x00, 0x01, 0x49, 0x09, 0x00, 0x0A, 0x00, 0x10, 0x0C, 0x00, 0x11, 0x00, 
    0x0E, 0x01, 0x00, 0x0C, 0x6D, 0x61, 0x74, 0x63, 0x68, 0x43, 0x6F, 0x75, 0x6E, 0x74, 0x65, 0x72, 
    0x09, 0x00, 0x0A, 0x00, 0x13, 0x0C, 0x00, 0x14, 0x00, 0x0E, 0x01, 0x00, 0x06, 0x68, 0x6F, 0x6F, 
    0x6B, 0x49, 0x64, 0x09, 0x00, 0x0A, 0x00, 0x16, 0x0C, 0x00, 0x17, 0x00, 0x0E, 0x01, 0x00, 0x08, 
    0x70, 0x6F, 0x73, 0x69, 0x74, 0x69, 0x6F, 0x6E, 0x08, 0x00, 0x19, 0x01, 0x00, 0x00, 0x09, 0x00, 
    0x0A, 0x00, 0x1B, 0x0C, 0x00, 0x1C, 0x00, 0x1D, 0x01, 0x00, 0x0B, 0x74, 0x61, 0x72, 0x67, 0x65, 
    0x74, 0x4F, 0x77, 0x6E, 0x65, 0x72, 0x01, 0x00, 0x12, 0x4C, 0x6A, 0x61, 0x76, 0x61, 0x2F, 0x6C, 
    0x61, 0x6E, 0x67, 0x2F, 0x53, 0x74, 0x72, 0x69, 0x6E, 0x67, 0x3B, 0x09, 0x00, 0x0A, 0x00, 0x1F, 
    0x0C, 0x00, 0x20, 0x00, 0x1D, 0x01, 0x00, 0x0A, 0x74, 0x61, 0x72, 0x67, 0x65, 0x74, 0x4E, 0x61, 
    0x6D, 0x65, 0x09, 0x00, 0x0A, 0x00, 0x22, 0x0C, 0x00, 0x23, 0x00, 0x1D, 0x01, 0x00, 0x0A, 0x74, 
    0x61, 0x72, 0x67, 0x65, 0x74, 0x44, 0x65, 0x73, 0x63, 0x09, 0x00, 0x0A, 0x00, 0x25, 0x0C, 0x00, 
    0x26, 0x00, 0x0E, 0x01, 0x00, 0x10, 0x74, 0x61, 0x72, 0x67, 0x65, 0x74, 0x4F, 0x63, 0x63, 0x75, 
    0x72, 0x72, 0x65, 0x6E, 0x63, 0x65, 0x09, 0x00, 0x0A, 0x00, 0x28, 0x0C, 0x00, 0x29, 0x00, 0x0E, 
    0x01, 0x00, 0x0A, 0x74, 0x61, 0x72, 0x67, 0x65, 0x74, 0x4C, 0x69, 0x6E, 0x65, 0x0A, 0x00, 0x2B, 
    0x00, 0x2C, 0x07, 0x00, 0x2D, 0x0C, 0x00, 0x2E, 0x00, 0x2F, 0x01, 0x00, 0x16, 0x6F, 0x72, 0x67, 
    0x2F, 0x6F, 0x62, 0x6A, 0x65, 0x63, 0x74, 0x77, 0x65, 0x62, 0x2F, 0x61, 0x73, 0x6D, 0x2F, 0x54, 
    0x79, 0x70, 0x65, 0x01, 0x00, 0x10, 0x67, 0x65, 0x74, 0x41, 0x72, 0x67, 0x75, 0x6D, 0x65, 0x6E, 
    0x74, 0x54, 0x79, 0x70, 0x65, 0x73, 0x01, 0x00, 0x2D, 0x28, 0x4C, 0x6A, 0x61, 0x76, 0x61, 0x2F, 
    0x6C, 0x61, 0x6E, 0x67, 0x2F, 0x53, 0x74, 0x72, 0x69, 0x6E, 0x67, 0x3B, 0x29, 0x5B, 0x4C, 0x6F, 
    0x72, 0x67, 0x2F, 0x6F, 0x62, 0x6A, 0x65, 0x63, 0x74, 0x77, 0x65, 0x62, 0x2F, 0x61, 0x73, 0x6D, 
    0x2F, 0x54, 0x79, 0x70, 0x65, 0x3B, 0x09, 0x00, 0x0A, 0x00, 0x31, 0x0C, 0x00, 0x32, 0x00, 0x33, 
    0x01, 0x00, 0x0D, 0x61, 0x72, 0x67, 0x75, 0x6D, 0x65, 0x6E, 0x74, 0x54, 0x79, 0x70, 0x65, 0x73, 
    0x01, 0x00, 0x19, 0x5B, 0x4C, 0x6F, 0x72, 0x67, 0x2F, 0x6F, 0x62, 0x6A, 0x65, 0x63, 0x74, 0x77, 
    0x65, 0x62, 0x2F, 0x61, 0x73, 0x6D, 0x2F, 0x54, 0x79, 0x70, 0x65, 0x3B, 0x07, 0x00, 0x35, 0x01, 
    0x00, 0x19, 0x6F, 0x72, 0x67, 0x2F, 0x6F, 0x62, 0x6A, 0x65, 0x63, 0x74, 0x77, 0x65, 0x62, 0x2F, 
    0x61, 0x73, 0x6D, 0x2F, 0x4F, 0x70, 0x63, 0x6F, 0x64, 0x65, 0x73, 0x09, 0x00, 0x0A, 0x00, 0x37, 
    0x0C, 0x00, 0x38, 0x00, 0x39, 0x01, 0x00, 0x0E, 0x69, 0x73, 0x53, 0x74, 0x61, 0x74, 0x69, 0x63, 
    0x4D, 0x65, 0x74, 0x68, 0x6F, 0x64, 0x01, 0x00, 0x01, 0x5A, 0x0A, 0x00, 0x0A, 0x00, 0x3B, 0x0C, 
    0x00, 0x3C, 0x00, 0x3D, 0x01, 0x00, 0x04, 0x70, 0x75, 0x73, 0x68, 0x01, 0x00, 0x04, 0x28, 0x49, 
    0x29, 0x56, 0x08, 0x00, 0x3F, 0x01, 0x00, 0x10, 0x6A, 0x61, 0x76, 0x61, 0x2F, 0x6C, 0x61, 0x6E, 
    0x67, 0x2F, 0x4F, 0x62, 0x6A, 0x65, 0x63, 0x74, 0x0A, 0x00, 0x0A, 0x00, 0x41, 0x0C, 0x00, 0x42, 
    0x00, 0x43, 0x01, 0x00, 0x0D, 0x76, 0x69, 0x73, 0x69, 0x74, 0x54, 0x79, 0x70, 0x65, 0x49, 0x6E, 
    0x73, 0x6E, 0x01, 0x00, 0x16, 0x28, 0x49, 0x4C, 0x6A, 0x61, 0x76, 0x61, 0x2F, 0x6C, 0x61, 0x6E, 
    0x67, 0x2F, 0x53, 0x74, 0x72, 0x69, 0x6E, 0x67, 0x3B, 0x29, 0x56, 0x08, 0x00, 0x45, 0x01, 0x00, 
    0x13, 0x5B, 0x4C, 0x6A, 0x61, 0x76, 0x61, 0x2F, 0x6C, 0x61, 0x6E, 0x67, 0x2F, 0x4F, 0x62, 0x6A, 
    0x65, 0x63, 0x74, 0x3B, 0x0A, 0x00, 0x2B, 0x00, 0x47, 0x0C, 0x00, 0x48, 0x00, 0x49, 0x01, 0x00, 
    0x07, 0x67, 0x65, 0x74, 0x54, 0x79, 0x70, 0x65, 0x01, 0x00, 0x2C, 0x28, 0x4C, 0x6A, 0x61, 0x76, 
    0x61, 0x2F, 0x6C, 0x61, 0x6E, 0x67, 0x2F, 0x53, 0x74, 0x72, 0x69, 0x6E, 0x67, 0x3B, 0x29, 0x4C, 
    0x6F, 0x72, 0x67, 0x2F, 0x6F, 0x62, 0x6A, 0x65, 0x63, 0x74, 0x77, 0x65, 0x62, 0x2F, 0x61, 0x73, 
    0x6D, 0x2F, 0x54, 0x79, 0x70, 0x65, 0x3B, 0x0A, 0x00, 0x0A, 0x00, 0x4B, 0x0C, 0x00, 0x4C, 0x00, 
    0x4D, 0x01, 0x00, 0x08, 0x6E, 0x65, 0x77, 0x4C, 0x6F, 0x63, 0x61, 0x6C, 0x01, 0x00, 0x1B, 0x28, 
    0x4C, 0x6F, 0x72, 0x67, 0x2F, 0x6F, 0x62, 0x6A, 0x65, 0x63, 0x74, 0x77, 0x65, 0x62, 0x2F, 0x61, 
    0x73, 0x6D, 0x2F, 0x54, 0x79, 0x70, 0x65, 0x3B, 0x29, 0x49, 0x0A, 0x00, 0x0A, 0x00, 0x4F, 0x0C, 
    0x00, 0x50, 0x00, 0x3D, 0x01, 0x00, 0x0A, 0x73, 0x74, 0x6F, 0x72, 0x65, 0x4C, 0x6F, 0x63, 0x61, 
    0x6C, 0x0A, 0x00, 0x0A, 0x00, 0x52, 0x0C, 0x00, 0x53, 0x00, 0x3D, 0x01, 0x00, 0x09, 0x6C, 0x6F, 
    0x61, 0x64, 0x4C, 0x6F, 0x63, 0x61, 0x6C, 0x0A, 0x00, 0x0A, 0x00, 0x55, 0x0C, 0x00, 0x56, 0x00, 
    0x57, 0x01, 0x00, 0x08, 0x6C, 0x6F, 0x61, 0x64, 0x54, 0x68, 0x69, 0x73, 0x01, 0x00, 0x03, 0x28, 
    0x29, 0x56, 0x0A, 0x00, 0x0A, 0x00, 0x59, 0x0C, 0x00, 0x5A, 0x00, 0x3D, 0x01, 0x00, 0x09, 0x76, 
    0x69, 0x73, 0x69, 0x74, 0x49, 0x6E, 0x73, 0x6E, 0x0A, 0x00, 0x0A, 0x00, 0x5C, 0x0C, 0x00, 0x5D, 
    0x00, 0x3D, 0x01, 0x00, 0x07, 0x6C, 0x6F, 0x61, 0x64, 0x41, 0x72, 0x67, 0x0A, 0x00, 0x0A, 0x00, 
    0x5F, 0x0C, 0x00, 0x60, 0x00, 0x61, 0x01, 0x00, 0x03, 0x62, 0x6F, 0x78, 0x01, 0x00, 0x1B, 0x28, 
    0x4C, 0x6F, 0x72, 0x67, 0x2F, 0x6F, 0x62, 0x6A, 0x65, 0x63, 0x74, 0x77, 0x65, 0x62, 0x2F, 0x61, 
    0x73, 0x6D, 0x2F, 0x54, 0x79, 0x70, 0x65, 0x3B, 0x29, 0x56, 0x08, 0x00, 0x63, 0x01, 0x00, 0x27, 
    0x6F, 0x72, 0x67, 0x2F, 0x61, 0x70, 0x61, 0x63, 0x68, 0x65, 0x2F, 0x63, 0x6F, 0x6D, 0x6D, 0x6F, 
    0x6E, 0x73, 0x2F, 0x69, 0x6E, 0x74, 0x65, 0x72, 0x6E, 0x61, 0x6C, 0x2F, 0x50, 0x65, 0x72, 0x66, 
    0x43, 0x6F, 0x75, 0x6E, 0x74, 0x65, 0x72, 0x08, 0x00, 0x65, 0x01, 0x00, 0x03, 0x70, 0x72, 0x65, 
    0x08, 0x00, 0x67, 0x01, 0x00, 0x17, 0x28, 0x49, 0x5B, 0x4C, 0x6A, 0x61, 0x76, 0x61, 0x2F, 0x6C, 
    0x61, 0x6E, 0x67, 0x2F, 0x4F, 0x62, 0x6A, 0x65, 0x63, 0x74, 0x3B, 0x29, 0x49, 0x0A, 0x00, 0x0A, 
    0x00, 0x69, 0x0C, 0x00, 0x6A, 0x00, 0x6B, 0x01, 0x00, 0x0F, 0x76, 0x69, 0x73, 0x69, 0x74, 0x4D, 
    0x65, 0x74, 0x68, 0x6F, 0x64, 0x49, 0x6E, 0x73, 0x6E, 0x01, 0x00, 0x3B, 0x28, 0x49, 0x4C, 0x6A, 
    0x61, 0x76, 0x61, 0x2F, 0x6C, 0x61, 0x6E, 0x67, 0x2F, 0x53, 0x74, 0x72, 0x69, 0x6E, 0x67, 0x3B, 
    0x4C, 0x6A, 0x61, 0x76, 0x61, 0x2F, 0x6C, 0x61, 0x6E, 0x67, 0x2F, 0x53, 0x74, 0x72, 0x69, 0x6E, 
    0x67, 0x3B, 0x4C, 0x6A, 0x61, 0x76, 0x61, 0x2F, 0x6C, 0x61, 0x6E, 0x67, 0x2F, 0x53, 0x74, 0x72, 
    0x69, 0x6E, 0x67, 0x3B, 0x5A, 0x29, 0x56, 0x08, 0x00, 0x6D, 0x01, 0x00, 0x12, 0x4C, 0x6A, 0x61, 
    0x76, 0x61, 0x2F, 0x6C, 0x61, 0x6E, 0x67, 0x2F, 0x4F, 0x62, 0x6A, 0x65, 0x63, 0x74, 0x3B, 0x08, 
    0x00, 0x6F, 0x01, 0x00, 0x06, 0x66, 0x69, 0x6C, 0x74, 0x65, 0x72, 0x08, 0x00, 0x71, 0x01, 0x00, 
    0x3A, 0x28, 0x49, 0x5B, 0x4C, 0x6A, 0x61, 0x76, 0x61, 0x2F, 0x6C, 0x61, 0x6E, 0x67, 0x2F, 0x4F, 
    0x62, 0x6A, 0x65, 0x63, 0x74, 0x3B, 0x4C, 0x6A, 0x61, 0x76, 0x61, 0x2F, 0x6C, 0x61, 0x6E, 0x67, 
    0x2F, 0x4F, 0x62, 0x6A, 0x65, 0x63, 0x74, 0x3B, 0x29, 0x4C, 0x6A, 0x61, 0x76, 0x61, 0x2F, 0x6C, 
    0x61, 0x6E, 0x67, 0x2F, 0x4F, 0x62, 0x6A, 0x65, 0x63, 0x74, 0x3B, 0x07, 0x00, 0x73, 0x01, 0x00, 
    0x17, 0x6F, 0x72, 0x67, 0x2F, 0x6F, 0x62, 0x6A, 0x65, 0x63, 0x74, 0x77, 0x65, 0x62, 0x2F, 0x61, 
    0x73, 0x6D, 0x2F, 0x4C, 0x61, 0x62, 0x65, 0x6C, 0x0A, 0x00, 0x72, 0x00, 0x75, 0x0C, 0x00, 0x07, 
    0x00, 0x57, 0x0A, 0x00, 0x0A, 0x00, 0x77, 0x0C, 0x00, 0x78, 0x00, 0x79, 0x01, 0x00, 0x0D, 0x76, 
    0x69, 0x73, 0x69, 0x74, 0x4A, 0x75, 0x6D, 0x70, 0x49, 0x6E, 0x73, 0x6E, 0x01, 0x00, 0x1D, 0x28, 
    0x49, 0x4C, 0x6F, 0x72, 0x67, 0x2F, 0x6F, 0x62, 0x6A, 0x65, 0x63, 0x74, 0x77, 0x65, 0x62, 0x2F, 
    0x61, 0x73, 0x6D, 0x2F, 0x4C, 0x61, 0x62, 0x65, 0x6C, 0x3B, 0x29, 0x56, 0x0A, 0x00, 0x0A, 0x00, 
    0x7B, 0x0C, 0x00, 0x7C, 0x00, 0x7D, 0x01, 0x00, 0x0A, 0x76, 0x69, 0x73, 0x69, 0x74, 0x4C, 0x61, 
    0x62, 0x65, 0x6C, 0x01, 0x00, 0x1C, 0x28, 0x4C, 0x6F, 0x72, 0x67, 0x2F, 0x6F, 0x62, 0x6A, 0x65, 
    0x63, 0x74, 0x77, 0x65, 0x62, 0x2F, 0x61, 0x73, 0x6D, 0x2F, 0x4C, 0x61, 0x62, 0x65, 0x6C, 0x3B, 
    0x29, 0x56, 0x0A, 0x00, 0x2B, 0x00, 0x7F, 0x0C, 0x00, 0x80, 0x00, 0x81, 0x01, 0x00, 0x07, 0x67, 
    0x65, 0x74, 0x53, 0x6F, 0x72, 0x74, 0x01, 0x00, 0x03, 0x28, 0x29, 0x49, 0x0A, 0x00, 0x2B, 0x00, 
    0x83, 0x0C, 0x00, 0x84, 0x00, 0x85, 0x01, 0x00, 0x0F, 0x67, 0x65, 0x74, 0x49, 0x6E, 0x74, 0x65, 
    0x72, 0x6E, 0x61, 0x6C, 0x4E, 0x61, 0x6D, 0x65, 0x01, 0x00, 0x14, 0x28, 0x29, 0x4C, 0x6A, 0x61, 
    0x76, 0x61, 0x2F, 0x6C, 0x61, 0x6E, 0x67, 0x2F, 0x53, 0x74, 0x72, 0x69, 0x6E, 0x67, 0x3B, 0x0A, 
    0x00, 0x0A, 0x00, 0x87, 0x0C, 0x00, 0x88, 0x00, 0x61, 0x01, 0x00, 0x05, 0x75, 0x6E, 0x62, 0x6F, 
    0x78, 0x0A, 0x00, 0x8A, 0x00, 0x8B, 0x07, 0x00, 0x8C, 0x0C, 0x00, 0x8D, 0x00, 0x8E, 0x01, 0x00, 
    0x10, 0x6A, 0x61, 0x76, 0x61, 0x2F, 0x6C, 0x61, 0x6E, 0x67, 0x2F, 0x53, 0x74, 0x72, 0x69, 0x6E, 
    0x67, 0x01, 0x00, 0x07, 0x69, 0x73, 0x45, 0x6D, 0x70, 0x74, 0x79, 0x01, 0x00, 0x03, 0x28, 0x29, 
    0x5A, 0x0A, 0x00, 0x8A, 0x00, 0x90, 0x0C, 0x00, 0x91, 0x00, 0x92, 0x01, 0x00, 0x06, 0x65, 0x71, 
    0x75, 0x61, 0x6C, 0x73, 0x01, 0x00, 0x15, 0x28, 0x4C, 0x6A, 0x61, 0x76, 0x61, 0x2F, 0x6C, 0x61, 
    0x6E, 0x67, 0x2F, 0x4F, 0x62, 0x6A, 0x65, 0x63, 0x74, 0x3B, 0x29, 0x5A, 0x0A, 0x00, 0x0A, 0x00, 
    0x94, 0x0C, 0x00, 0x95, 0x00, 0x96, 0x01, 0x00, 0x17, 0x6D, 0x61, 0x74, 0x63, 0x68, 0x65, 0x73, 
    0x54, 0x61, 0x72, 0x67, 0x65, 0x74, 0x41, 0x6E, 0x64, 0x41, 0x64, 0x76, 0x61, 0x6E, 0x63, 0x65, 
    0x01, 0x00, 0x39, 0x28, 0x4C, 0x6A, 0x61, 0x76, 0x61, 0x2F, 0x6C, 0x61, 0x6E, 0x67, 0x2F, 0x53, 
    0x74, 0x72, 0x69, 0x6E, 0x67, 0x3B, 0x4C, 0x6A, 0x61, 0x76, 0x61, 0x2F, 0x6C, 0x61, 0x6E, 0x67, 
    0x2F, 0x53, 0x74, 0x72, 0x69, 0x6E, 0x67, 0x3B, 0x4C, 0x6A, 0x61, 0x76, 0x61, 0x2F, 0x6C, 0x61, 
    0x6E, 0x67, 0x2F, 0x53, 0x74, 0x72, 0x69, 0x6E, 0x67, 0x3B, 0x29, 0x5A, 0x0A, 0x00, 0x0A, 0x00, 
    0x98, 0x0C, 0x00, 0x99, 0x00, 0x57, 0x01, 0x00, 0x0D, 0x69, 0x6E, 0x6A, 0x65, 0x63, 0x74, 0x50, 
    0x72, 0x65, 0x43, 0x61, 0x6C, 0x6C, 0x0A, 0x00, 0x04, 0x00, 0x69, 0x0A, 0x00, 0x2B, 0x00, 0x9C, 
    0x0C, 0x00, 0x9D, 0x00, 0x49, 0x01, 0x00, 0x0D, 0x67, 0x65, 0x74, 0x52, 0x65, 0x74, 0x75, 0x72, 
    0x6E, 0x54, 0x79, 0x70, 0x65, 0x0A, 0x00, 0x0A, 0x00, 0x9F, 0x0C, 0x00, 0xA0, 0x00, 0x61, 0x01, 
    0x00, 0x10, 0x69, 0x6E, 0x6A, 0x65, 0x63, 0x74, 0x46, 0x69, 0x6C, 0x74, 0x65, 0x72, 0x43, 0x61, 
    0x6C, 0x6C, 0x0A, 0x00, 0x04, 0x00, 0xA2, 0x0C, 0x00, 0xA3, 0x00, 0xA4, 0x01, 0x00, 0x0E, 0x76, 
    0x69, 0x73, 0x69, 0x74, 0x46, 0x69, 0x65, 0x6C, 0x64, 0x49, 0x6E, 0x73, 0x6E, 0x01, 0x00, 0x3A, 
    0x28, 0x49, 0x4C, 0x6A, 0x61, 0x76, 0x61, 0x2F, 0x6C, 0x61, 0x6E, 0x67, 0x2F, 0x53, 0x74, 0x72, 
    0x69, 0x6E, 0x67, 0x3B, 0x4C, 0x6A, 0x61, 0x76, 0x61, 0x2F, 0x6C, 0x61, 0x6E, 0x67, 0x2F, 0x53, 
    0x74, 0x72, 0x69, 0x6E, 0x67, 0x3B, 0x4C, 0x6A, 0x61, 0x76, 0x61, 0x2F, 0x6C, 0x61, 0x6E, 0x67, 
    0x2F, 0x53, 0x74, 0x72, 0x69, 0x6E, 0x67, 0x3B, 0x29, 0x56, 0x0A, 0x00, 0x04, 0x00, 0xA6, 0x0C, 
    0x00, 0xA7, 0x00, 0x79, 0x01, 0x00, 0x0F, 0x76, 0x69, 0x73, 0x69, 0x74, 0x4C, 0x69, 0x6E, 0x65, 
    0x4E, 0x75, 0x6D, 0x62, 0x65, 0x72, 0x0A, 0x00, 0x04, 0x00, 0x77, 0x01, 0x00, 0x84, 0x28, 0x49, 
    0x4C, 0x6F, 0x72, 0x67, 0x2F, 0x6F, 0x62, 0x6A, 0x65, 0x63, 0x74, 0x77, 0x65, 0x62, 0x2F, 0x61, 
    0x73, 0x6D, 0x2F, 0x4D, 0x65, 0x74, 0x68, 0x6F, 0x64, 0x56, 0x69, 0x73, 0x69, 0x74, 0x6F, 0x72, 
    0x3B, 0x49, 0x4C, 0x6A, 0x61, 0x76, 0x61, 0x2F, 0x6C, 0x61, 0x6E, 0x67, 0x2F, 0x53, 0x74, 0x72, 
    0x69, 0x6E, 0x67, 0x3B, 0x4C, 0x6A, 0x61, 0x76, 0x61, 0x2F, 0x6C, 0x61, 0x6E, 0x67, 0x2F, 0x53, 
    0x74, 0x72, 0x69, 0x6E, 0x67, 0x3B, 0x49, 0x49, 0x4C, 0x6A, 0x61, 0x76, 0x61, 0x2F, 0x6C, 0x61, 
    0x6E, 0x67, 0x2F, 0x53, 0x74, 0x72, 0x69, 0x6E, 0x67, 0x3B, 0x4C, 0x6A, 0x61, 0x76, 0x61, 0x2F, 
    0x6C, 0x61, 0x6E, 0x67, 0x2F, 0x53, 0x74, 0x72, 0x69, 0x6E, 0x67, 0x3B, 0x4C, 0x6A, 0x61, 0x76, 
    0x61, 0x2F, 0x6C, 0x61, 0x6E, 0x67, 0x2F, 0x53, 0x74, 0x72, 0x69, 0x6E, 0x67, 0x3B, 0x49, 0x49, 
    0x29, 0x56, 0x01, 0x00, 0x04, 0x43, 0x6F, 0x64, 0x65, 0x01, 0x00, 0x0F, 0x4C, 0x69, 0x6E, 0x65, 
    0x4E, 0x75, 0x6D, 0x62, 0x65, 0x72, 0x54, 0x61, 0x62, 0x6C, 0x65, 0x01, 0x00, 0x12, 0x4C, 0x6F, 
    0x63, 0x61, 0x6C, 0x56, 0x61, 0x72, 0x69, 0x61, 0x62, 0x6C, 0x65, 0x54, 0x61, 0x62, 0x6C, 0x65, 
    0x01, 0x00, 0x04, 0x74, 0x68, 0x69, 0x73, 0x01, 0x00, 0x4B, 0x4C, 0x6F, 0x72, 0x67, 0x2F, 0x61, 
    0x70, 0x61, 0x63, 0x68, 0x65, 0x2F, 0x63, 0x6F, 0x6D, 0x6D, 0x6F, 0x6E, 0x73, 0x2F, 0x69, 0x6E, 
    0x74, 0x65, 0x72, 0x6E, 0x61, 0x6C, 0x2F, 0x44, 0x69, 0x73, 0x70, 0x61, 0x74, 0x63, 0x68, 0x65, 
    0x72, 0x54, 0x72, 0x61, 0x6E, 0x73, 0x66, 0x6F, 0x72, 0x6D, 0x65, 0x72, 0x24, 0x49, 0x6E, 0x6C, 
    0x69, 0x6E, 0x65, 0x48, 0x6F, 0x6F, 0x6B, 0x4D, 0x65, 0x74, 0x68, 0x6F, 0x64, 0x56, 0x69, 0x73, 
    0x69, 0x74, 0x6F, 0x72, 0x3B, 0x01, 0x00, 0x03, 0x61, 0x70, 0x69, 0x01, 0x00, 0x02, 0x6D, 0x76, 
    0x01, 0x00, 0x21, 0x4C, 0x6F, 0x72, 0x67, 0x2F, 0x6F, 0x62, 0x6A, 0x65, 0x63, 0x74, 0x77, 0x65, 
    0x62, 0x2F, 0x61, 0x73, 0x6D, 0x2F, 0x4D, 0x65, 0x74, 0x68, 0x6F, 0x64, 0x56, 0x69, 0x73, 0x69, 
    0x74, 0x6F, 0x72, 0x3B, 0x01, 0x00, 0x06, 0x61, 0x63, 0x63, 0x65, 0x73, 0x73, 0x01, 0x00, 0x04, 
    0x6E, 0x61, 0x6D, 0x65, 0x01, 0x00, 0x0A, 0x64, 0x65, 0x73, 0x63, 0x72, 0x69, 0x70, 0x74, 0x6F, 
    0x72, 0x01, 0x00, 0x0A, 0x6F, 0x63, 0x63, 0x75, 0x72, 0x72, 0x65, 0x6E, 0x63, 0x65, 0x01, 0x00, 
    0x0A, 0x6C, 0x69, 0x6E, 0x65, 0x4E, 0x75, 0x6D, 0x62, 0x65, 0x72, 0x01, 0x00, 0x0D, 0x53, 0x74, 
    0x61, 0x63, 0x6B, 0x4D, 0x61, 0x70, 0x54, 0x61, 0x62, 0x6C, 0x65, 0x07, 0x00, 0xB9, 0x01, 0x00, 
    0x1F, 0x6F, 0x72, 0x67, 0x2F, 0x6F, 0x62, 0x6A, 0x65, 0x63, 0x74, 0x77, 0x65, 0x62, 0x2F, 0x61, 
    0x73, 0x6D, 0x2F, 0x4D, 0x65, 0x74, 0x68, 0x6F, 0x64, 0x56, 0x69, 0x73, 0x69, 0x74, 0x6F, 0x72, 
    0x01, 0x00, 0x0D, 0x6F, 0x6E, 0x4D, 0x65, 0x74, 0x68, 0x6F, 0x64, 0x45, 0x6E, 0x74, 0x65, 0x72, 
    0x01, 0x00, 0x01, 0x69, 0x01, 0x00, 0x09, 0x61, 0x72, 0x72, 0x61, 0x79, 0x53, 0x69, 0x7A, 0x65, 
    0x01, 0x00, 0x03, 0x69, 0x64, 0x78, 0x01, 0x00, 0x09, 0x76, 0x61, 0x6C, 0x75, 0x65, 0x54, 0x79, 
    0x70, 0x65, 0x01, 0x00, 0x18, 0x4C, 0x6F, 0x72, 0x67, 0x2F, 0x6F, 0x62, 0x6A, 0x65, 0x63, 0x74, 
    0x77, 0x65, 0x62, 0x2F, 0x61, 0x73, 0x6D, 0x2F, 0x54, 0x79, 0x70, 0x65, 0x3B, 0x01, 0x00, 0x08, 
    0x74, 0x6D, 0x70, 0x4C, 0x6F, 0x63, 0x61, 0x6C, 0x01, 0x00, 0x0B, 0x75, 0x73, 0x65, 0x46, 0x69, 
    0x6C, 0x74, 0x65, 0x72, 0x65, 0x64, 0x01, 0x00, 0x19, 0x4C, 0x6F, 0x72, 0x67, 0x2F, 0x6F, 0x62, 
    0x6A, 0x65, 0x63, 0x74, 0x77, 0x65, 0x62, 0x2F, 0x61, 0x73, 0x6D, 0x2F, 0x4C, 0x61, 0x62, 0x65, 
    0x6C, 0x3B, 0x01, 0x00, 0x04, 0x64, 0x6F, 0x6E, 0x65, 0x01, 0x00, 0x05, 0x6F, 0x77, 0x6E, 0x65, 
    0x72, 0x01, 0x00, 0x07, 0x6D, 0x61, 0x74, 0x63, 0x68, 0x65, 0x73, 0x01, 0x00, 0x07, 0x72, 0x65, 
    0x74, 0x54, 0x79, 0x70, 0x65, 0x01, 0x00, 0x0C, 0x73, 0x68, 0x6F, 0x75, 0x6C, 0x64, 0x49, 0x6E, 
    0x6A, 0x65, 0x63, 0x74, 0x01, 0x00, 0x06, 0x6F, 0x70, 0x63, 0x6F, 0x64, 0x65, 0x01, 0x00, 0x0B, 
    0x69, 0x73, 0x49, 0x6E, 0x74, 0x65, 0x72, 0x66, 0x61, 0x63, 0x65, 0x01, 0x00, 0x05, 0x69, 0x73, 
    0x50, 0x75, 0x74, 0x01, 0x00, 0x09, 0x66, 0x69, 0x65, 0x6C, 0x64, 0x54, 0x79, 0x70, 0x65, 0x01, 
    0x00, 0x04, 0x6C, 0x69, 0x6E, 0x65, 0x01, 0x00, 0x05, 0x6C, 0x61, 0x62, 0x65, 0x6C, 0x01, 0x00, 
    0x0A, 0x53, 0x6F, 0x75, 0x72, 0x63, 0x65, 0x46, 0x69, 0x6C, 0x65, 0x01, 0x00, 0x1A, 0x44, 0x69, 
    0x73, 0x70, 0x61, 0x74, 0x63, 0x68, 0x65, 0x72, 0x54, 0x72, 0x61, 0x6E, 0x73, 0x66, 0x6F, 0x72, 
    0x6D, 0x65, 0x72, 0x2E, 0x6A, 0x61, 0x76, 0x61, 0x01, 0x00, 0x0C, 0x49, 0x6E, 0x6E, 0x65, 0x72, 
    0x43, 0x6C, 0x61, 0x73, 0x73, 0x65, 0x73, 0x01, 0x00, 0x17, 0x49, 0x6E, 0x6C, 0x69, 0x6E, 0x65, 
    0x48, 0x6F, 0x6F, 0x6B, 0x4D, 0x65, 0x74, 0x68, 0x6F, 0x64, 0x56, 0x69, 0x73, 0x69, 0x74, 0x6F, 
    0x72, 0x00, 0x20, 0x00, 0x0A, 0x00, 0x04, 0x00, 0x00, 0x00, 0x0B, 0x00, 0x12, 0x00, 0x14, 0x00, 
    0x0E, 0x00, 0x00, 0x00, 0x12, 0x00, 0x17, 0x00, 0x0E, 0x00, 0x00, 0x00, 0x12, 0x00, 0x1C, 0x00, 
    0x1D, 0x00, 0x00, 0x00, 0x12, 0x00, 0x20, 0x00, 0x1D, 0x00, 0x00, 0x00, 0x12, 0x00, 0x23, 0x00, 
    0x1D, 0x00, 0x00, 0x00, 0x12, 0x00, 0x26, 0x00, 0x0E, 0x00, 0x00, 0x00, 0x12, 0x00, 0x29, 0x00, 
    0x0E, 0x00, 0x00, 0x00, 0x12, 0x00, 0x32, 0x00, 0x33, 0x00, 0x00, 0x00, 0x12, 0x00, 0x38, 0x00, 
    0x39, 0x00, 0x00, 0x00, 0x02, 0x00, 0x0D, 0x00, 0x0E, 0x00, 0x00, 0x00, 0x02, 0x00, 0x11, 0x00, 
    0x0E, 0x00, 0x00, 0x00, 0x09, 0x00, 0x04, 0x00, 0x07, 0x00, 0xA9, 0x00, 0x01, 0x00, 0xAA, 0x00, 
    0x00, 0x02, 0x20, 0x00, 0x06, 0x00, 0x0D, 0x00, 0x00, 0x00, 0x77, 0x2A, 0x1B, 0x2C, 0x1D, 0x19, 
    0x04, 0x19, 0x05, 0xB7, 0x00, 0x03, 0x2A, 0x02, 0xB5, 0x00, 0x09, 0x2A, 0x03, 0xB5, 0x00, 0x0F, 
    0x2A, 0x15, 0x06, 0xB5, 0x00, 0x12, 0x2A, 0x15, 0x07, 0xB5, 0x00, 0x15, 0x2A, 0x19, 0x08, 0xC7, 
    0x00, 0x08, 0x12, 0x18, 0xA7, 0x00, 0x05, 0x19, 0x08, 0xB5, 0x00, 0x1A, 0x2A, 0x19, 0x09, 0xC7, 
    0x00, 0x08, 0x12, 0x18, 0xA7, 0x00, 0x05, 0x19, 0x09, 0xB5, 0x00, 0x1E, 0x2A, 0x19, 0x0A, 0xC7, 
    0x00, 0x08, 0x12, 0x18, 0xA7, 0x00, 0x05, 0x19, 0x0A, 0xB5, 0x00, 0x21, 0x2A, 0x15, 0x0B, 0xB5, 
    0x00, 0x24, 0x2A, 0x15, 0x0C, 0xB5, 0x00, 0x27, 0x2A, 0x19, 0x05, 0xB8, 0x00, 0x2A, 0xB5, 0x00, 
    0x30, 0x2A, 0x1D, 0x10, 0x08, 0x7E, 0x99, 0x00, 0x07, 0x04, 0xA7, 0x00, 0x04, 0x03, 0xB5, 0x00, 
    0x36, 0xB1, 0x00, 0x00, 0x00, 0x03, 0x00, 0xAB, 0x00, 0x00, 0x00, 0x36, 0x00, 0x0D, 0x00, 0x00, 
    0x01, 0x48, 0x00, 0x0B, 0x01, 0x42, 0x00, 0x10, 0x01, 0x43, 0x00, 0x15, 0x01, 0x49, 0x00, 0x1B, 
    0x01, 0x4A, 0x00, 0x21, 0x01, 0x4B, 0x00, 0x31, 0x01, 0x4C, 0x00, 0x41, 0x01, 0x4D, 0x00, 0x51, 
    0x01, 0x4E, 0x00, 0x57, 0x01, 0x4F, 0x00, 0x5D, 0x01, 0x50, 0x00, 0x66, 0x01, 0x51, 0x00, 0x76, 
    0x01, 0x52, 0x00, 0xAC, 0x00, 0x00, 0x00, 0x84, 0x00, 0x0D, 0x00, 0x00, 0x00, 0x77, 0x00, 0xAD, 
    0x00, 0xAE, 0x00, 0x00, 0x00, 0x00, 0x00, 0x77, 0x00, 0xAF, 0x00, 0x0E, 0x00, 0x01, 0x00, 0x00, 
    0x00, 0x77, 0x00, 0xB0, 0x00, 0xB1, 0x00, 0x02, 0x00, 0x00, 0x00, 0x77, 0x00, 0xB2, 0x00, 0x0E, 
    0x00, 0x03, 0x00, 0x00, 0x00, 0x77, 0x00, 0xB3, 0x00, 0x1D, 0x00, 0x04, 0x00, 0x00, 0x00, 0x77, 
    0x00, 0xB4, 0x00, 0x1D, 0x00, 0x05, 0x00, 0x00, 0x00, 0x77, 0x00, 0x14, 0x00, 0x0E, 0x00, 0x06, 
    0x00, 0x00, 0x00, 0x77, 0x00, 0x17, 0x00, 0x0E, 0x00, 0x07, 0x00, 0x00, 0x00, 0x77, 0x00, 0x1C, 
    0x00, 0x1D, 0x00, 0x08, 0x00, 0x00, 0x00, 0x77, 0x00, 0x20, 0x00, 0x1D, 0x00, 0x09, 0x00, 0x00, 
    0x00, 0x77, 0x00, 0x23, 0x00, 0x1D, 0x00, 0x0A, 0x00, 0x00, 0x00, 0x77, 0x00, 0xB5, 0x00, 0x0E, 
    0x00, 0x0B, 0x00, 0x00, 0x00, 0x77, 0x00, 0xB6, 0x00, 0x0E, 0x00, 0x0C, 0x00, 0xB7, 0x00, 0x00, 
    0x00, 0xD1, 0x00, 0x08, 0xFF, 0x00, 0x2C, 0x00, 0x0D, 0x07, 0x00, 0x0A, 0x01, 0x07, 0x00, 0xB8, 
    0x01, 0x07, 0x00, 0x8A, 0x07, 0x00, 0x8A, 0x01, 0x01, 0x07, 0x00, 0x8A, 0x07, 0x00, 0x8A, 0x07, 
    0x00, 0x8A, 0x01, 0x01, 0x00, 0x01, 0x07, 0x00, 0x0A, 0xFF, 0x00, 0x01, 0x00, 0x0D, 0x07, 0x00, 
    0x0A, 0x01, 0x07, 0x00, 0xB8, 0x01, 0x07, 0x00, 0x8A, 0x07, 0x00, 0x8A, 0x01, 0x01, 0x07, 0x00, 
    0x8A, 0x07, 0x00, 0x8A, 0x07, 0x00, 0x8A, 0x01, 0x01, 0x00, 0x02, 0x07, 0x00, 0x0A, 0x07, 0x00, 
    0x8A, 0x4D, 0x07, 0x00, 0x0A, 0xFF, 0x00, 0x01, 0x00, 0x0D, 0x07, 0x00, 0x0A, 0x01, 0x07, 0x00, 
    0xB8, 0x01, 0x07, 0x00, 0x8A, 0x07, 0x00, 0x8A, 0x01, 0x01, 0x07, 0x00, 0x8A, 0x07, 0x00, 0x8A, 
    0x07, 0x00, 0x8A, 0x01, 0x01, 0x00, 0x02, 0x07, 0x00, 0x0A, 0x07, 0x00, 0x8A, 0x4D, 0x07, 0x00, 
    0x0A, 0xFF, 0x00, 0x01, 0x00, 0x0D, 0x07, 0x00, 0x0A, 0x01, 0x07, 0x00, 0xB8, 0x01, 0x07, 0x00, 
    0x8A, 0x07, 0x00, 0x8A, 0x01, 0x01, 0x07, 0x00, 0x8A, 0x07, 0x00, 0x8A, 0x07, 0x00, 0x8A, 0x01, 
    0x01, 0x00, 0x02, 0x07, 0x00, 0x0A, 0x07, 0x00, 0x8A, 0x63, 0x07, 0x00, 0x0A, 0xFF, 0x00, 0x00, 
    0x00, 0x0D, 0x07, 0x00, 0x0A, 0x01, 0x07, 0x00, 0xB8, 0x01, 0x07, 0x00, 0x8A, 0x07, 0x00, 0x8A, 
    0x01, 0x01, 0x07, 0x00, 0x8A, 0x07, 0x00, 0x8A, 0x07, 0x00, 0x8A, 0x01, 0x01, 0x00, 0x02, 0x07, 
    0x00, 0x0A, 0x01, 0x00, 0x04, 0x00, 0xBA, 0x00, 0x57, 0x00, 0x01, 0x00, 0xAA, 0x00, 0x00, 0x01, 
    0x3B, 0x00, 0x03, 0x00, 0x04, 0x00, 0x00, 0x00, 0x94, 0x2A, 0xB4, 0x00, 0x36, 0x99, 0x00, 0x0B, 
    0x2A, 0xB4, 0x00, 0x30, 0xBE, 0xA7, 0x00, 0x0A, 0x2A, 0xB4, 0x00, 0x30, 0xBE, 0x04, 0x60, 0x3C, 
    0x2A, 0x1B, 0xB6, 0x00, 0x3A, 0x2A, 0x11, 0x00, 0xBD, 0x12, 0x3E, 0xB6, 0x00, 0x40, 0x2A, 0x2A, 
    0x12, 0x44, 0xB8, 0x00, 0x46, 0xB6, 0x00, 0x4A, 0xB5, 0x00, 0x09, 0x2A, 0x2A, 0xB4, 0x00, 0x09, 
    0xB6, 0x00, 0x4E, 0x03, 0x3D, 0x2A, 0xB4, 0x00, 0x36, 0x9A, 0x00, 0x1D, 0x2A, 0x2A, 0xB4, 0x00, 
    0x09, 0xB6, 0x00, 0x51, 0x2A, 0x1C, 0x84, 0x02, 0x01, 0xB6, 0x00, 0x3A, 0x2A, 0xB6, 0x00, 0x54, 
    0x2A, 0x10, 0x53, 0xB6, 0x00, 0x58, 0x03, 0x3E, 0x1D, 0x2A, 0xB4, 0x00, 0x30, 0xBE, 0xA2, 0x00, 
    0x2E, 0x2A, 0x2A, 0xB4, 0x00, 0x09, 0xB6, 0x00, 0x51, 0x2A, 0x1C, 0x84, 0x02, 0x01, 0xB6, 0x00, 
    0x3A, 0x2A, 0x1D, 0xB6, 0x00, 0x5B, 0x2A, 0x2A, 0xB4, 0x00, 0x30, 0x1D, 0x32, 0xB6, 0x00, 0x5E, 
    0x2A, 0x10, 0x53, 0xB6, 0x00, 0x58, 0x84, 0x03, 0x01, 0xA7, 0xFF, 0xCF, 0xB1, 0x00, 0x00, 0x00, 
    0x03, 0x00, 0xAB, 0x00, 0x00, 0x00, 0x4E, 0x00, 0x13, 0x00, 0x00, 0x01, 0x56, 0x00, 0x17, 0x01, 
    0x58, 0x00, 0x1C, 0x01, 0x59, 0x00, 0x25, 0x01, 0x5A, 0x00, 0x32, 0x01, 0x5B, 0x00, 0x3A, 0x01, 
    0x5D, 0x00, 0x3C, 0x01, 0x5E, 0x00, 0x43, 0x01, 0x5F, 0x00, 0x4B, 0x01, 0x60, 0x00, 0x53, 0x01, 
    0x61, 0x00, 0x57, 0x01, 0x62, 0x00, 0x5D, 0x01, 0x64, 0x00, 0x68, 0x01, 0x65, 0x00, 0x70, 0x01, 
    0x66, 0x00, 0x78, 0x01, 0x67, 0x00, 0x7D, 0x01, 0x68, 0x00, 0x87, 0x01, 0x69, 0x00, 0x8D, 0x01, 
    0x64, 0x00, 0x93, 0x01, 0x6B, 0x00, 0xAC, 0x00, 0x00, 0x00, 0x2A, 0x00, 0x04, 0x00, 0x5F, 0x00, 
    0x34, 0x00, 0xBB, 0x00, 0x0E, 0x00, 0x03, 0x00, 0x00, 0x00, 0x94, 0x00, 0xAD, 0x00, 0xAE, 0x00, 
    0x00, 0x00, 0x17, 0x00, 0x7D, 0x00, 0xBC, 0x00, 0x0E, 0x00, 0x01, 0x00, 0x3C, 0x00, 0x58, 0x00, 
    0xBD, 0x00, 0x0E, 0x00, 0x02, 0x00, 0xB7, 0x00, 0x00, 0x00, 0x11, 0x00, 0x05, 0x0F, 0x46, 0x01, 
    0xFD, 0x00, 0x46, 0x01, 0x01, 0xFC, 0x00, 0x01, 0x01, 0xFA, 0x00, 0x33, 0x00, 0x02, 0x00, 0x99, 
    0x00, 0x57, 0x00, 0x01, 0x00, 0xAA, 0x00, 0x00, 0x00, 0x74, 0x00, 0x06, 0x00, 0x01, 0x00, 0x00, 
    0x00, 0x2D, 0x2A, 0xB4, 0x00, 0x09, 0x9C, 0x00, 0x04, 0xB1, 0x2A, 0x2A, 0xB4, 0x00, 0x12, 0xB6, 
    0x00, 0x3A, 0x2A, 0x2A, 0xB4, 0x00, 0x09, 0xB6, 0x00, 0x51, 0x2A, 0x11, 0x00, 0xB8, 0x12, 0x62, 
    0x12, 0x64, 0x12, 0x66, 0x03, 0xB6, 0x00, 0x68, 0x2A, 0x10, 0x57, 0xB6, 0x00, 0x58, 0xB1, 0x00, 
    0x00, 0x00, 0x03, 0x00, 0xAB, 0x00, 0x00, 0x00, 0x1A, 0x00, 0x06, 0x00, 0x00, 0x01, 0x6E, 0x00, 
    0x08, 0x01, 0x6F, 0x00, 0x10, 0x01, 0x70, 0x00, 0x18, 0x01, 0x71, 0x00, 0x26, 0x01, 0x73, 0x00, 
    0x2C, 0x01, 0x74, 0x00, 0xAC, 0x00, 0x00, 0x00, 0x0C, 0x00, 0x01, 0x00, 0x00, 0x00, 0x2D, 0x00, 
    0xAD, 0x00, 0xAE, 0x00, 0x00, 0x00, 0xB7, 0x00, 0x00, 0x00, 0x03, 0x00, 0x01, 0x08, 0x00, 0x02, 
    0x00, 0xA0, 0x00, 0x61, 0x00, 0x01, 0x00, 0xAA, 0x00, 0x00, 0x01, 0x5A, 0x00, 0x06, 0x00, 0x05, 
    0x00, 0x00, 0x00, 0xA3, 0x2A, 0xB4, 0x00, 0x09, 0x9C, 0x00, 0x04, 0xB1, 0x2A, 0x2B, 0xB6, 0x00, 
    0x5E, 0x2A, 0x12, 0x6C, 0xB8, 0x00, 0x46, 0xB6, 0x00, 0x4A, 0x3D, 0x2A, 0x1C, 0xB6, 0x00, 0x4E, 
    0x2A, 0x2A, 0xB4, 0x00, 0x12, 0xB6, 0x00, 0x3A, 0x2A, 0x2A, 0xB4, 0x00, 0x09, 0xB6, 0x00, 0x51, 
    0x2A, 0x1C, 0xB6, 0x00, 0x51, 0x2A, 0x11, 0x00, 0xB8, 0x12, 0x62, 0x12, 0x6E, 0x12, 0x70, 0x03, 
    0xB6, 0x00, 0x68, 0xBB, 0x00, 0x72, 0x59, 0xB7, 0x00, 0x74, 0x4E, 0xBB, 0x00, 0x72, 0x59, 0xB7, 
    0x00, 0x74, 0x3A, 0x04, 0x2A, 0x10, 0x59, 0xB6, 0x00, 0x58, 0x2A, 0x11, 0x00, 0xC7, 0x2D, 0xB6, 
    0x00, 0x76, 0x2A, 0x10, 0x57, 0xB6, 0x00, 0x58, 0x2A, 0x1C, 0xB6, 0x00, 0x51, 0x2A, 0x11, 0x00, 
    0xA7, 0x19, 0x04, 0xB6, 0x00, 0x76, 0x2A, 0x2D, 0xB6, 0x00, 0x7A, 0x2A, 0x19, 0x04, 0xB6, 0x00, 
    0x7A, 0x2B, 0xB6, 0x00, 0x7E, 0x10, 0x0A, 0x9F, 0x00, 0x0C, 0x2B, 0xB6, 0x00, 0x7E, 0x10, 0x09, 
    0xA0, 0x00, 0x11, 0x2A, 0x11, 0x00, 0xC0, 0x2B, 0xB6, 0x00, 0x82, 0xB6, 0x00, 0x40, 0xA7, 0x00, 
    0x08, 0x2A, 0x2B, 0xB6, 0x00, 0x86, 0xB1, 0x00, 0x00, 0x00, 0x03, 0x00, 0xAB, 0x00, 0x00, 0x00, 
    0x56, 0x00, 0x15, 0x00, 0x00, 0x01, 0x85, 0x00, 0x08, 0x01, 0x88, 0x00, 0x0D, 0x01, 0x8B, 0x00, 
    0x17, 0x01, 0x8C, 0x00, 0x1C, 0x01, 0x8F, 0x00, 0x24, 0x01, 0x90, 0x00, 0x2C, 0x01, 0x91, 0x00, 
    0x31, 0x01, 0x92, 0x00, 0x3F, 0x01, 0x97, 0x00, 0x47, 0x01, 0x98, 0x00, 0x50, 0x01, 0x9A, 0x00, 
    0x56, 0x01, 0x9B, 0x00, 0x5E, 0x01, 0x9E, 0x00, 0x64, 0x01, 0x9F, 0x00, 0x69, 0x01, 0xA0, 0x00, 
    0x72, 0x01, 0xA3, 0x00, 0x77, 0x01, 0xA6, 0x00, 0x7D, 0x01, 0xAB, 0x00, 0x8F, 0x01, 0xAD, 0x00, 
    0x9D, 0x01, 0xAF, 0x00, 0xA2, 0x01, 0xB1, 0x00, 0xAC, 0x00, 0x00, 0x00, 0x34, 0x00, 0x05, 0x00, 
    0x00, 0x00, 0xA3, 0x00, 0xAD, 0x00, 0xAE, 0x00, 0x00, 0x00, 0x00, 0x00, 0xA3, 0x00, 0xBE, 0x00, 
    0xBF, 0x00, 0x01, 0x00, 0x17, 0x00, 0x8C, 0x00, 0xC0, 0x00, 0x0E, 0x00, 0x02, 0x00, 0x47, 0x00, 
    0x5C, 0x00, 0xC1, 0x00, 0xC2, 0x00, 0x03, 0x00, 0x50, 0x00, 0x53, 0x00, 0xC3, 0x00, 0xC2, 0x00, 
    0x04, 0x00, 0xB7, 0x00, 0x00, 0x00, 0x0F, 0x00, 0x04, 0x08, 0xFE, 0x00, 0x86, 0x01, 0x07, 0x00, 
    0x72, 0x07, 0x00, 0x72, 0x0D, 0x04, 0x00, 0x02, 0x00, 0x95, 0x00, 0x96, 0x00, 0x01, 0x00, 0xAA, 
    0x00, 0x00, 0x00, 0xEB, 0x00, 0x03, 0x00, 0x05, 0x00, 0x00, 0x00, 0x6F, 0x2A, 0xB4, 0x00, 0x1A, 
    0xB6, 0x00, 0x89, 0x9A, 0x00, 0x0E, 0x2B, 0x2A, 0xB4, 0x00, 0x1A, 0xB6, 0x00, 0x8F, 0x99, 0x00, 
    0x31, 0x2A, 0xB4, 0x00, 0x1E, 0xB6, 0x00, 0x89, 0x9A, 0x00, 0x0E, 0x2C, 0x2A, 0xB4, 0x00, 0x1E, 
    0xB6, 0x00, 0x8F, 0x99, 0x00, 0x1C, 0x2A, 0xB4, 0x00, 0x21, 0xB6, 0x00, 0x89, 0x9A, 0x00, 0x0E, 
    0x2D, 0x2A, 0xB4, 0x00, 0x21, 0xB6, 0x00, 0x8F, 0x99, 0x00, 0x07, 0x04, 0xA7, 0x00, 0x04, 0x03, 
    0x36, 0x04, 0x15, 0x04, 0x9A, 0x00, 0x05, 0x03, 0xAC, 0x2A, 0x59, 0xB4, 0x00, 0x0F, 0x04, 0x60, 
    0xB5, 0x00, 0x0F, 0x2A, 0xB4, 0x00, 0x24, 0x99, 0x00, 0x0E, 0x2A, 0xB4, 0x00, 0x0F, 0x2A, 0xB4, 
    0x00, 0x24, 0xA0, 0x00, 0x07, 0x04, 0xA7, 0x00, 0x04, 0x03, 0xAC, 0x00, 0x00, 0x00, 0x03, 0x00, 
    0xAB, 0x00, 0x00, 0x00, 0x1A, 0x00, 0x06, 0x00, 0x00, 0x01, 0xB4, 0x00, 0x19, 0x01, 0xB5, 0x00, 
    0x2E, 0x01, 0xB6, 0x00, 0x46, 0x01, 0xB7, 0x00, 0x4D, 0x01, 0xB8, 0x00, 0x57, 0x01, 0xB9, 0x00, 
    0xAC, 0x00, 0x00, 0x00, 0x34, 0x00, 0x05, 0x00, 0x00, 0x00, 0x6F, 0x00, 0xAD, 0x00, 0xAE, 0x00, 
    0x00, 0x00, 0x00, 0x00, 0x6F, 0x00, 0xC4, 0x00, 0x1D, 0x00, 0x01, 0x00, 0x00, 0x00, 0x6F, 0x00, 
    0xB3, 0x00, 0x1D, 0x00, 0x02, 0x00, 0x00, 0x00, 0x6F, 0x00, 0xB4, 0x00, 0x1D, 0x00, 0x03, 0x00, 
    0x46, 0x00, 0x29, 0x00, 0xC5, 0x00, 0x39, 0x00, 0x04, 0x00, 0xB7, 0x00, 0x00, 0x00, 0x10, 0x00, 
    0x09, 0x15, 0x14, 0x14, 0x03, 0x40, 0x01, 0xFC, 0x00, 0x08, 0x01, 0x1B, 0x03, 0x40, 0x01, 0x00, 
    0x01, 0x00, 0x6A, 0x00, 0x6B, 0x00, 0x01, 0x00, 0xAA, 0x00, 0x00, 0x01, 0x16, 0x00, 0x06, 0x00, 
    0x08, 0x00, 0x00, 0x00, 0x69, 0x2A, 0xB4, 0x00, 0x15, 0x06, 0x9F, 0x00, 0x0B, 0x2A, 0xB4, 0x00, 
    0x15, 0x07, 0xA0, 0x00, 0x50, 0x2A, 0x2C, 0x2D, 0x19, 0x04, 0xB7, 0x00, 0x93, 0x36, 0x06, 0x15, 
    0x06, 0x99, 0x00, 0x0F, 0x2A, 0xB4, 0x00, 0x15, 0x06, 0xA0, 0x00, 0x07, 0x2A, 0xB7, 0x00, 0x97, 
    0x2A, 0x1B, 0x2C, 0x2D, 0x19, 0x04, 0x15, 0x05, 0xB7, 0x00, 0x9A, 0x15, 0x06, 0x99, 0x00, 0x24, 
    0x2A, 0xB4, 0x00, 0x15, 0x07, 0xA0, 0x00, 0x1C, 0x2A, 0xB7, 0x00, 0x97, 0x19, 0x04, 0xB8, 0x00, 
    0x9B, 0x3A, 0x07, 0x19, 0x07, 0xB6, 0x00, 0x7E, 0x99, 0x00, 0x09, 0x2A, 0x19, 0x07, 0xB7, 0x00, 
    0x9E, 0xB1, 0x2A, 0x1B, 0x2C, 0x2D, 0x19, 0x04, 0x15, 0x05, 0xB7, 0x00, 0x9A, 0xB1, 0x00, 0x00, 
    0x00, 0x03, 0x00, 0xAB, 0x00, 0x00, 0x00, 0x32, 0x00, 0x0C, 0x00, 0x00, 0x01, 0xBE, 0x00, 0x10, 
    0x01, 0xBF, 0x00, 0x1A, 0x01, 0xC0, 0x00, 0x2B, 0x01, 0xC1, 0x00, 0x36, 0x01, 0xC2, 0x00, 0x43, 
    0x01, 0xC3, 0x00, 0x47, 0x01, 0xC4, 0x00, 0x4E, 0x01, 0xC5, 0x00, 0x56, 0x01, 0xC6, 0x00, 0x5C, 
    0x01, 0xC9, 0x00, 0x5D, 0x01, 0xCC, 0x00, 0x68, 0x01, 0xCD, 0x00, 0xAC, 0x00, 0x00, 0x00, 0x52, 
    0x00, 0x08, 0x00, 0x4E, 0x00, 0x0E, 0x00, 0xC6, 0x00, 0xBF, 0x00, 0x07, 0x00, 0x1A, 0x00, 0x43, 
    0x00, 0xC7, 0x00, 0x39, 0x00, 0x06, 0x00, 0x00, 0x00, 0x69, 0x00, 0xAD, 0x00, 0xAE, 0x00, 0x00, 
    0x00, 0x00, 0x00, 0x69, 0x00, 0xC8, 0x00, 0x0E, 0x00, 0x01, 0x00, 0x00, 0x00, 0x69, 0x00, 0xC4, 
    0x00, 0x1D, 0x00, 0x02, 0x00, 0x00, 0x00, 0x69, 0x00, 0xB3, 0x00, 0x1D, 0x00, 0x03, 0x00, 0x00, 
    0x00, 0x69, 0x00, 0xB4, 0x00, 0x1D, 0x00, 0x04, 0x00, 0x00, 0x00, 0x69, 0x00, 0xC9, 0x00, 0x39, 
    0x00, 0x05, 0x00, 0xB7, 0x00, 0x00, 0x00, 0x0B, 0x00, 0x04, 0x10, 0xFC, 0x00, 0x1A, 0x01, 0x30, 
    0xFA, 0x00, 0x00, 0x00, 0x01, 0x00, 0xA3, 0x00, 0xA4, 0x00, 0x01, 0x00, 0xAA, 0x00, 0x00, 0x01, 
    0x59, 0x00, 0x05, 0x00, 0x08, 0x00, 0x00, 0x00, 0x8D, 0x2A, 0xB4, 0x00, 0x15, 0x10, 0x06, 0x9F, 
    0x00, 0x0C, 0x2A, 0xB4, 0x00, 0x15, 0x10, 0x07, 0xA0, 0x00, 0x74, 0x2A, 0x2C, 0x2D, 0x19, 0x04, 
    0xB7, 0x00, 0x93, 0x36, 0x05, 0x1B, 0x11, 0x00, 0xB5, 0x9F, 0x00, 0x0A, 0x1B, 0x11, 0x00, 0xB3, 
    0xA0, 0x00, 0x07, 0x04, 0xA7, 0x00, 0x04, 0x03, 0x36, 0x06, 0x19, 0x04, 0xB8, 0x00, 0x46, 0x3A, 
    0x07, 0x15, 0x05, 0x99, 0x00, 0x1B, 0x2A, 0xB4, 0x00, 0x15, 0x10, 0x06, 0xA0, 0x00, 0x12, 0x2A, 
    0xB7, 0x00, 0x97, 0x15, 0x06, 0x99, 0x00, 0x09, 0x2A, 0x19, 0x07, 0xB7, 0x00, 0x9E, 0x2A, 0x1B, 
    0x2C, 0x2D, 0x19, 0x04, 0xB7, 0x00, 0xA1, 0x15, 0x05, 0x99, 0x00, 0x22, 0x2A, 0xB4, 0x00, 0x15, 
    0x10, 0x07, 0xA0, 0x00, 0x19, 0x15, 0x06, 0x9A, 0x00, 0x10, 0x2A, 0xB7, 0x00, 0x97, 0x2A, 0x19, 
    0x07, 0xB7, 0x00, 0x9E, 0xA7, 0x00, 0x07, 0x2A, 0xB7, 0x00, 0x97, 0xB1, 0x2A, 0x1B, 0x2C, 0x2D, 
    0x19, 0x04, 0xB7, 0x00, 0xA1, 0xB1, 0x00, 0x00, 0x00, 0x03, 0x00, 0xAB, 0x00, 0x00, 0x00, 0x46, 
    0x00, 0x11, 0x00, 0x00, 0x01, 0xD1, 0x00, 0x12, 0x01, 0xD2, 0x00, 0x1C, 0x01, 0xD3, 0x00, 0x31, 
    0x01, 0xD4, 0x00, 0x38, 0x01, 0xD6, 0x00, 0x46, 0x01, 0xD7, 0x00, 0x4A, 0x01, 0xD9, 0x00, 0x4F, 
    0x01, 0xDA, 0x00, 0x55, 0x01, 0xDD, 0x00, 0x5E, 0x01, 0xDE, 0x00, 0x6C, 0x01, 0xE1, 0x00, 0x71, 
    0x01, 0xE2, 0x00, 0x75, 0x01, 0xE3, 0x00, 0x7E, 0x01, 0xE5, 0x00, 0x82, 0x01, 0xE8, 0x00, 0x83, 
    0x01, 0xEA, 0x00, 0x8C, 0x01, 0xEB, 0x00, 0xAC, 0x00, 0x00, 0x00, 0x52, 0x00, 0x08, 0x00, 0x1C, 
    0x00, 0x67, 0x00, 0xC7, 0x00, 0x39, 0x00, 0x05, 0x00, 0x31, 0x00, 0x52, 0x00, 0xCA, 0x00, 0x39, 
    0x00, 0x06, 0x00, 0x38, 0x00, 0x4B, 0x00, 0xCB, 0x00, 0xBF, 0x00, 0x07, 0x00, 0x00, 0x00, 0x8D, 
    0x00, 0xAD, 0x00, 0xAE, 0x00, 0x00, 0x00, 0x00, 0x00, 0x8D, 0x00, 0xC8, 0x00, 0x0E, 0x00, 0x01, 
    0x00, 0x00, 0x00, 0x8D, 0x00, 0xC4, 0x00, 0x1D, 0x00, 0x02, 0x00, 0x00, 0x00, 0x8D, 0x00, 0xB3, 
    0x00, 0x1D, 0x00, 0x03, 0x00, 0x00, 0x00, 0x8D, 0x00, 0xB4, 0x00, 0x1D, 0x00, 0x04, 0x00, 0xB7, 
    0x00, 0x00, 0x00, 0x16, 0x00, 0x08, 0x12, 0xFC, 0x00, 0x17, 0x01, 0x03, 0x40, 0x01, 0xFD, 0x00, 
    0x25, 0x01, 0x07, 0x00, 0x2B, 0x28, 0x03, 0xF8, 0x00, 0x00, 0x00, 0x01, 0x00, 0xA7, 0x00, 0x79, 
    0x00, 0x01, 0x00, 0xAA, 0x00, 0x00, 0x00, 0x6E, 0x00, 0x03, 0x00, 0x03, 0x00, 0x00, 0x00, 0x1B, 
    0x2A, 0x1B, 0x2C, 0xB7, 0x00, 0xA5, 0x2A, 0xB4, 0x00, 0x15, 0x08, 0xA0, 0x00, 0x0F, 0x1B, 0x2A, 
    0xB4, 0x00, 0x27, 0xA0, 0x00, 0x07, 0x2A, 0xB7, 0x00, 0x97, 0xB1, 0x00, 0x00, 0x00, 0x03, 0x00, 
    0xAB, 0x00, 0x00, 0x00, 0x12, 0x00, 0x04, 0x00, 0x00, 0x01, 0xEF, 0x00, 0x06, 0x01, 0xF0, 0x00, 
    0x16, 0x01, 0xF1, 0x00, 0x1A, 0x01, 0xF3, 0x00, 0xAC, 0x00, 0x00, 0x00, 0x20, 0x00, 0x03, 0x00, 
    0x00, 0x00, 0x1B, 0x00, 0xAD, 0x00, 0xAE, 0x00, 0x00, 0x00, 0x00, 0x00, 0x1B, 0x00, 0xCC, 0x00, 
    0x0E, 0x00, 0x01, 0x00, 0x00, 0x00, 0x1B, 0x00, 0xCD, 0x00, 0xC2, 0x00, 0x02, 0x00, 0xB7, 0x00, 
    0x00, 0x00, 0x03, 0x00, 0x01, 0x1A, 0x00, 0x01, 0x00, 0x78, 0x00, 0x79, 0x00, 0x01, 0x00, 0xAA, 
    0x00, 0x00, 0x00, 0x75, 0x00, 0x03, 0x00, 0x03, 0x00, 0x00, 0x00, 0x21, 0x2A, 0xB4, 0x00, 0x15, 
    0x10, 0x08, 0xA0, 0x00, 0x07, 0x2A, 0xB7, 0x00, 0x97, 0x2A, 0x1B, 0x2C, 0xB7, 0x00, 0xA8, 0x2A, 
    0xB4, 0x00, 0x15, 0x10, 0x09, 0xA0, 0x00, 0x07, 0x2A, 0xB7, 0x00, 0x97, 0xB1, 0x00, 0x00, 0x00, 
    0x03, 0x00, 0xAB, 0x00, 0x00, 0x00, 0x12, 0x00, 0x04, 0x00, 0x00, 0x01, 0xF7, 0x00, 0x0D, 0x01, 
    0xF8, 0x00, 0x13, 0x01, 0xF9, 0x00, 0x20, 0x01, 0xFA, 0x00, 0xAC, 0x00, 0x00, 0x00, 0x20, 0x00, 
    0x03, 0x00, 0x00, 0x00, 0x21, 0x00, 0xAD, 0x00, 0xAE, 0x00, 0x00, 0x00, 0x00, 0x00, 0x21, 0x00, 
    0xC8, 0x00, 0x0E, 0x00, 0x01, 0x00, 0x00, 0x00, 0x21, 0x00, 0xCD, 0x00, 0xC2, 0x00, 0x02, 0x00, 
    0xB7, 0x00, 0x00, 0x00, 0x04, 0x00, 0x02, 0x0D, 0x12, 0x00, 0x02, 0x00, 0xCE, 0x00, 0x00, 0x00, 
    0x02, 0x00, 0xCF, 0x00, 0xD0, 0x00, 0x00, 0x00, 0x0A, 0x00, 0x01, 0x00, 0x0A, 0x00, 0x01, 0x00, 
    0xD1, 0x00, 0x0A
};
static const size_t DISPATCHER_TRANSFORMER_INLINEHOOKMETHODVISITOR_SIZE = 5459;

// DISPATCHER_TRANSFORMER_CUSTOMCLASSWRITER (2004 bytes)
static const uint8_t DISPATCHER_TRANSFORMER_CUSTOMCLASSWRITER[] = {
    0xCA, 0xFE, 0xBA, 0xBE, 0x00, 0x00, 0x00, 0x34, 0x00, 0x5F, 0x0A, 0x00, 0x02, 0x00, 0x03, 0x07, 
    0x00, 0x04, 0x0C, 0x00, 0x05, 0x00, 0x06, 0x01, 0x00, 0x1D, 0x6F, 0x72, 0x67, 0x2F, 0x6F, 0x62, 
    0x6A, 0x65, 0x63, 0x74, 0x77, 0x65, 0x62, 0x2F, 0x61, 0x73, 0x6D, 0x2F, 0x43, 0x6C, 0x61, 0x73, 
    0x73, 0x57, 0x72, 0x69, 0x74, 0x65, 0x72, 0x01, 0x00, 0x06, 0x3C, 0x69, 0x6E, 0x69, 0x74, 0x3E, 
    0x01, 0x00, 0x23, 0x28, 0x4C, 0x6F, 0x72, 0x67, 0x2F, 0x6F, 0x62, 0x6A, 0x65, 0x63, 0x74, 0x77, 
    0x65, 0x62, 0x2F, 0x61, 0x73, 0x6D, 0x2F, 0x43, 0x6C, 0x61, 0x73, 0x73, 0x52, 0x65, 0x61, 0x64, 
    0x65, 0x72, 0x3B, 0x49, 0x29, 0x56, 0x0A, 0x00, 0x08, 0x00, 0x09, 0x07, 0x00, 0x0A, 0x0C, 0x00, 
    0x0B, 0x00, 0x0C, 0x01, 0x00, 0x10, 0x6A, 0x61, 0x76, 0x61, 0x2F, 0x6C, 0x61, 0x6E, 0x67, 0x2F, 
    0x54, 0x68, 0x72, 0x65, 0x61, 0x64, 0x01, 0x00, 0x0D, 0x63, 0x75, 0x72, 0x72, 0x65, 0x6E, 0x74, 
    0x54, 0x68, 0x72, 0x65, 0x61, 0x64, 0x01, 0x00, 0x14, 0x28, 0x29, 0x4C, 0x6A, 0x61, 0x76, 0x61, 
    0x2F, 0x6C, 0x61, 0x6E, 0x67, 0x2F, 0x54, 0x68, 0x72, 0x65, 0x61, 0x64, 0x3B, 0x0A, 0x00, 0x08, 
    0x00, 0x0E, 0x0C, 0x00, 0x0F, 0x00, 0x10, 0x01, 0x00, 0x15, 0x67, 0x65, 0x74, 0x43, 0x6F, 0x6E, 
    0x74, 0x65, 0x78, 0x74, 0x43, 0x6C, 0x61, 0x73, 0x73, 0x4C, 0x6F, 0x61, 0x64, 0x65, 0x72, 0x01, 
    0x00, 0x19, 0x28, 0x29, 0x4C, 0x6A, 0x61, 0x76, 0x61, 0x2F, 0x6C, 0x61, 0x6E, 0x67, 0x2F, 0x43, 
    0x6C, 0x61, 0x73, 0x73, 0x4C, 0x6F, 0x61, 0x64, 0x65, 0x72, 0x3B, 0x09, 0x00, 0x12, 0x00, 0x13, 
    0x07, 0x00, 0x14, 0x0C, 0x00, 0x15, 0x00, 0x16, 0x01, 0x00, 0x43, 0x6F, 0x72, 0x67, 0x2F, 0x61, 
    0x70, 0x61, 0x63, 0x68, 0x65, 0x2F, 0x63, 0x6F, 0x6D, 0x6D, 0x6F, 0x6E, 0x73, 0x2F, 0x69, 0x6E, 
    0x74, 0x65, 0x72, 0x6E, 0x61, 0x6C, 0x2F, 0x44, 0x69, 0x73, 0x70, 0x61, 0x74, 0x63, 0x68, 0x65, 
    0x72, 0x54, 0x72, 0x61, 0x6E, 0x73, 0x66, 0x6F, 0x72, 0x6D, 0x65, 0x72, 0x24, 0x43, 0x75, 0x73, 
    0x74, 0x6F, 0x6D, 0x43, 0x6C, 0x61, 0x73, 0x73, 0x57, 0x72, 0x69, 0x74, 0x65, 0x72, 0x01, 0x00, 
    0x0B, 0x63, 0x6C, 0x61, 0x73, 0x73, 0x4C, 0x6F, 0x61, 0x64, 0x65, 0x72, 0x01, 0x00, 0x17, 0x4C, 
    0x6A, 0x61, 0x76, 0x61, 0x2F, 0x6C, 0x61, 0x6E, 0x67, 0x2F, 0x43, 0x6C, 0x61, 0x73, 0x73, 0x4C, 
    0x6F, 0x61, 0x64, 0x65, 0x72, 0x3B, 0x0A, 0x00, 0x18, 0x00, 0x19, 0x07, 0x00, 0x1A, 0x0C, 0x00, 
    0x1B, 0x00, 0x1C, 0x01, 0x00, 0x10, 0x6A, 0x61, 0x76, 0x61, 0x2F, 0x6C, 0x61, 0x6E, 0x67, 0x2F, 
    0x4F, 0x62, 0x6A, 0x65, 0x63, 0x74, 0x01, 0x00, 0x08, 0x67, 0x65, 0x74, 0x43, 0x6C, 0x61, 0x73, 
    0x73, 0x01, 0x00, 0x13, 0x28, 0x29, 0x4C, 0x6A, 0x61, 0x76, 0x61, 0x2F, 0x6C, 0x61, 0x6E, 0x67, 
    0x2F, 0x43, 0x6C, 0x61, 0x73, 0x73, 0x3B, 0x0A, 0x00, 0x1E, 0x00, 0x1F, 0x07, 0x00, 0x20, 0x0C, 
    0x00, 0x21, 0x00, 0x10, 0x01, 0x00, 0x0F, 0x6A, 0x61, 0x76, 0x61, 0x2F, 0x6C, 0x61, 0x6E, 0x67, 
    0x2F, 0x43, 0x6C, 0x61, 0x73, 0x73, 0x01, 0x00, 0x0E, 0x67, 0x65, 0x74, 0x43, 0x6C, 0x61, 0x73, 
    0x73, 0x4C, 0x6F, 0x61, 0x64, 0x65, 0x72, 0x0A, 0x00, 0x23, 0x00, 0x24, 0x07, 0x00, 0x25, 0x0C, 
    0x00, 0x26, 0x00, 0x27, 0x01, 0x00, 0x10, 0x6A, 0x61, 0x76, 0x61, 0x2F, 0x6C, 0x61, 0x6E, 0x67, 
    0x2F, 0x53, 0x74, 0x72, 0x69, 0x6E, 0x67, 0x01, 0x00, 0x07, 0x72, 0x65, 0x70, 0x6C, 0x61, 0x63, 
    0x65, 0x01, 0x00, 0x16, 0x28, 0x43, 0x43, 0x29, 0x4C, 0x6A, 0x61, 0x76, 0x61, 0x2F, 0x6C, 0x61, 
    0x6E, 0x67, 0x2F, 0x53, 0x74, 0x72, 0x69, 0x6E, 0x67, 0x3B, 0x0A, 0x00, 0x1E, 0x00, 0x29, 0x0C, 
    0x00, 0x2A, 0x00, 0x2B, 0x01, 0x00, 0x07, 0x66, 0x6F, 0x72, 0x4E, 0x61, 0x6D, 0x65, 0x01, 0x00, 
    0x3D, 0x28, 0x4C, 0x6A, 0x61, 0x76, 0x61, 0x2F, 0x6C, 0x61, 0x6E, 0x67, 0x2F, 0x53, 0x74, 0x72, 
    0x69, 0x6E, 0x67, 0x3B, 0x5A, 0x4C, 0x6A, 0x61, 0x76, 0x61, 0x2F, 0x6C, 0x61, 0x6E, 0x67, 0x2F, 
    0x43, 0x6C, 0x61, 0x73, 0x73, 0x4C, 0x6F, 0x61, 0x64, 0x65, 0x72, 0x3B, 0x29, 0x4C, 0x6A, 0x61, 
    0x76, 0x61, 0x2F, 0x6C, 0x61, 0x6E, 0x67, 0x2F, 0x43, 0x6C, 0x61, 0x73, 0x73, 0x3B, 0x0A, 0x00, 
    0x1E, 0x00, 0x2D, 0x0C, 0x00, 0x2E, 0x00, 0x2F, 0x01, 0x00, 0x10, 0x69, 0x73, 0x41, 0x73, 0x73, 
    0x69, 0x67, 0x6E, 0x61, 0x62, 0x6C, 0x65, 0x46, 0x72, 0x6F, 0x6D, 0x01, 0x00, 0x14, 0x28, 0x4C, 
    0x6A, 0x61, 0x76, 0x61, 0x2F, 0x6C, 0x61, 0x6E, 0x67, 0x2F, 0x43, 0x6C, 0x61, 0x73, 0x73, 0x3B, 
    0x29, 0x5A, 0x0A, 0x00, 0x1E, 0x00, 0x31, 0x0C, 0x00, 0x32, 0x00, 0x33, 0x01, 0x00, 0x0B, 0x69, 
    0x73, 0x49, 0x6E, 0x74, 0x65, 0x72, 0x66, 0x61, 0x63, 0x65, 0x01, 0x00, 0x03, 0x28, 0x29, 0x5A, 
    0x08, 0x00, 0x1A, 0x0A, 0x00, 0x1E, 0x00, 0x36, 0x0C, 0x00, 0x37, 0x00, 0x1C, 0x01, 0x00, 0x0D, 
    0x67, 0x65, 0x74, 0x53, 0x75, 0x70, 0x65, 0x72, 0x63, 0x6C, 0x61, 0x73, 0x73, 0x0A, 0x00, 0x1E, 
    0x00, 0x39, 0x0C, 0x00, 0x3A, 0x00, 0x3B, 0x01, 0x00, 0x07, 0x67, 0x65, 0x74, 0x4E, 0x61, 0x6D, 
    0x65, 0x01, 0x00, 0x14, 0x28, 0x29, 0x4C, 0x6A, 0x61, 0x76, 0x61, 0x2F, 0x6C, 0x61, 0x6E, 0x67, 
    0x2F, 0x53, 0x74, 0x72, 0x69, 0x6E, 0x67, 0x3B, 0x07, 0x00, 0x3D, 0x01, 0x00, 0x13, 0x6A, 0x61, 
    0x76, 0x61, 0x2F, 0x6C, 0x61, 0x6E, 0x67, 0x2F, 0x45, 0x78, 0x63, 0x65, 0x70, 0x74, 0x69, 0x6F, 
    0x6E, 0x0A, 0x00, 0x02, 0x00, 0x3F, 0x0C, 0x00, 0x40, 0x00, 0x41, 0x01, 0x00, 0x13, 0x67, 0x65, 
    0x74, 0x43, 0x6F, 0x6D, 0x6D, 0x6F, 0x6E, 0x53, 0x75, 0x70, 0x65, 0x72, 0x43, 0x6C, 0x61, 0x73, 
    0x73, 0x01, 0x00, 0x38, 0x28, 0x4C, 0x6A, 0x61, 0x76, 0x61, 0x2F, 0x6C, 0x61, 0x6E, 0x67, 0x2F, 
    0x53, 0x74, 0x72, 0x69, 0x6E, 0x67, 0x3B, 0x4C, 0x6A, 0x61, 0x76, 0x61, 0x2F, 0x6C, 0x61, 0x6E, 
    0x67, 0x2F, 0x53, 0x74, 0x72, 0x69, 0x6E, 0x67, 0x3B, 0x29, 0x4C, 0x6A, 0x61, 0x76, 0x61, 0x2F, 
    0x6C, 0x61, 0x6E, 0x67, 0x2F, 0x53, 0x74, 0x72, 0x69, 0x6E, 0x67, 0x3B, 0x01, 0x00, 0x04, 0x43, 
    0x6F, 0x64, 0x65, 0x01, 0x00, 0x0F, 0x4C, 0x69, 0x6E, 0x65, 0x4E, 0x75, 0x6D, 0x62, 0x65, 0x72, 
    0x54, 0x61, 0x62, 0x6C, 0x65, 0x01, 0x00, 0x12, 0x4C, 0x6F, 0x63, 0x61, 0x6C, 0x56, 0x61, 0x72, 
    0x69, 0x61, 0x62, 0x6C, 0x65, 0x54, 0x61, 0x62, 0x6C, 0x65, 0x01, 0x00, 0x04, 0x74, 0x68, 0x69, 
    0x73, 0x01, 0x00, 0x45, 0x4C, 0x6F, 0x72, 0x67, 0x2F, 0x61, 0x70, 0x61, 0x63, 0x68, 0x65, 0x2F, 
    0x63, 0x6F, 0x6D, 0x6D, 0x6F, 0x6E, 0x73, 0x2F, 0x69, 0x6E, 0x74, 0x65, 0x72, 0x6E, 0x61, 0x6C, 
    0x2F, 0x44, 0x69, 0x73, 0x70, 0x61, 0x74, 0x63, 0x68, 0x65, 0x72, 0x54, 0x72, 0x61, 0x6E, 0x73, 
    0x66, 0x6F, 0x72, 0x6D, 0x65, 0x72, 0x24, 0x43, 0x75, 0x73, 0x74, 0x6F, 0x6D, 0x43, 0x6C, 0x61, 
    0x73, 0x73, 0x57, 0x72, 0x69, 0x74, 0x65, 0x72, 0x3B, 0x01, 0x00, 0x0B, 0x63, 0x6C, 0x61, 0x73, 
    0x73, 0x52, 0x65, 0x61, 0x64, 0x65, 0x72, 0x01, 0x00, 0x1F, 0x4C, 0x6F, 0x72, 0x67, 0x2F, 0x6F, 
    0x62, 0x6A, 0x65, 0x63, 0x74, 0x77, 0x65, 0x62, 0x2F, 0x61, 0x73, 0x6D, 0x2F, 0x43, 0x6C, 0x61, 
    0x73, 0x73, 0x52, 0x65, 0x61, 0x64, 0x65, 0x72, 0x3B, 0x01, 0x00, 0x05, 0x66, 0x6C, 0x61, 0x67, 
    0x73, 0x01, 0x00, 0x01, 0x49, 0x01, 0x00, 0x0D, 0x53, 0x74, 0x61, 0x63, 0x6B, 0x4D, 0x61, 0x70, 
    0x54, 0x61, 0x62, 0x6C, 0x65, 0x07, 0x00, 0x4D, 0x01, 0x00, 0x1D, 0x6F, 0x72, 0x67, 0x2F, 0x6F, 
    0x62, 0x6A, 0x65, 0x63, 0x74, 0x77, 0x65, 0x62, 0x2F, 0x61, 0x73, 0x6D, 0x2F, 0x43, 0x6C, 0x61, 
    0x73, 0x73, 0x52, 0x65, 0x61, 0x64, 0x65, 0x72, 0x01, 0x00, 0x01, 0x63, 0x01, 0x00, 0x11, 0x4C, 
    0x6A, 0x61, 0x76, 0x61, 0x2F, 0x6C, 0x61, 0x6E, 0x67, 0x2F, 0x43, 0x6C, 0x61, 0x73, 0x73, 0x3B, 
    0x01, 0x00, 0x01, 0x64, 0x01, 0x00, 0x02, 0x65, 0x32, 0x01, 0x00, 0x15, 0x4C, 0x6A, 0x61, 0x76, 
    0x61, 0x2F, 0x6C, 0x61, 0x6E, 0x67, 0x2F, 0x45, 0x78, 0x63, 0x65, 0x70, 0x74, 0x69, 0x6F, 0x6E, 
    0x3B, 0x01, 0x00, 0x01, 0x65, 0x01, 0x00, 0x05, 0x74, 0x79, 0x70, 0x65, 0x31, 0x01, 0x00, 0x12, 
    0x4C, 0x6A, 0x61, 0x76, 0x61, 0x2F, 0x6C, 0x61, 0x6E, 0x67, 0x2F, 0x53, 0x74, 0x72, 0x69, 0x6E, 
    0x67, 0x3B, 0x01, 0x00, 0x05, 0x74, 0x79, 0x70, 0x65, 0x32, 0x01, 0x00, 0x16, 0x4C, 0x6F, 0x63, 
    0x61, 0x6C, 0x56, 0x61, 0x72, 0x69, 0x61, 0x62, 0x6C, 0x65, 0x54, 0x79, 0x70, 0x65, 0x54, 0x61, 
    0x62, 0x6C, 0x65, 0x01, 0x00, 0x14, 0x4C, 0x6A, 0x61, 0x76, 0x61, 0x2F, 0x6C, 0x61, 0x6E, 0x67, 
    0x2F, 0x43, 0x6C, 0x61, 0x73, 0x73, 0x3C, 0x2A, 0x3E, 0x3B, 0x01, 0x00, 0x0A, 0x53, 0x6F, 0x75, 
    0x72, 0x63, 0x65, 0x46, 0x69, 0x6C, 0x65, 0x01, 0x00, 0x1A, 0x44, 0x69, 0x73, 0x70, 0x61, 0x74, 
    0x63, 0x68, 0x65, 0x72, 0x54, 0x72, 0x61, 0x6E, 0x73, 0x66, 0x6F, 0x72, 0x6D, 0x65, 0x72, 0x2E, 
    0x6A, 0x61, 0x76, 0x61, 0x01, 0x00, 0x0C, 0x49, 0x6E, 0x6E, 0x65, 0x72, 0x43, 0x6C, 0x61, 0x73, 
    0x73, 0x65, 0x73, 0x07, 0x00, 0x5D, 0x01, 0x00, 0x31, 0x6F, 0x72, 0x67, 0x2F, 0x61, 0x70, 0x61, 
    0x63, 0x68, 0x65, 0x2F, 0x63, 0x6F, 0x6D, 0x6D, 0x6F, 0x6E, 0x73, 0x2F, 0x69, 0x6E, 0x74, 0x65, 
    0x72, 0x6E, 0x61, 0x6C, 0x2F, 0x44, 0x69, 0x73, 0x70, 0x61, 0x74, 0x63, 0x68, 0x65, 0x72, 0x54, 
    0x72, 0x61, 0x6E, 0x73, 0x66, 0x6F, 0x72, 0x6D, 0x65, 0x72, 0x01, 0x00, 0x11, 0x43, 0x75, 0x73, 
    0x74, 0x6F, 0x6D, 0x43, 0x6C, 0x61, 0x73, 0x73, 0x57, 0x72, 0x69, 0x74, 0x65, 0x72, 0x00, 0x20, 
    0x00, 0x12, 0x00, 0x02, 0x00, 0x00, 0x00, 0x01, 0x00, 0x02, 0x00, 0x15, 0x00, 0x16, 0x00, 0x00, 
    0x00, 0x02, 0x00, 0x01, 0x00, 0x05, 0x00, 0x06, 0x00, 0x01, 0x00, 0x42, 0x00, 0x00, 0x00, 0x87, 
    0x00, 0x03, 0x00, 0x03, 0x00, 0x00, 0x00, 0x23, 0x2A, 0x2B, 0x1C, 0xB7, 0x00, 0x01, 0x2A, 0xB8, 
    0x00, 0x07, 0xB6, 0x00, 0x0D, 0xB5, 0x00, 0x11, 0x2A, 0xB4, 0x00, 0x11, 0xC7, 0x00, 0x0E, 0x2A, 
    0x2A, 0xB6, 0x00, 0x17, 0xB6, 0x00, 0x1D, 0xB5, 0x00, 0x11, 0xB1, 0x00, 0x00, 0x00, 0x03, 0x00, 
    0x43, 0x00, 0x00, 0x00, 0x16, 0x00, 0x05, 0x00, 0x00, 0x00, 0x91, 0x00, 0x06, 0x00, 0x92, 0x00, 
    0x10, 0x00, 0x93, 0x00, 0x17, 0x00, 0x94, 0x00, 0x22, 0x00, 0x96, 0x00, 0x44, 0x00, 0x00, 0x00, 
    0x20, 0x00, 0x03, 0x00, 0x00, 0x00, 0x23, 0x00, 0x45, 0x00, 0x46, 0x00, 0x00, 0x00, 0x00, 0x00, 
    0x23, 0x00, 0x47, 0x00, 0x48, 0x00, 0x01, 0x00, 0x00, 0x00, 0x23, 0x00, 0x49, 0x00, 0x4A, 0x00, 
    0x02, 0x00, 0x4B, 0x00, 0x00, 0x00, 0x10, 0x00, 0x01, 0xFF, 0x00, 0x22, 0x00, 0x03, 0x07, 0x00, 
    0x12, 0x07, 0x00, 0x4C, 0x01, 0x00, 0x00, 0x00, 0x04, 0x00, 0x40, 0x00, 0x41, 0x00, 0x01, 0x00, 
    0x42, 0x00, 0x00, 0x01, 0x85, 0x00, 0x03, 0x00, 0x05, 0x00, 0x00, 0x00, 0x72, 0x2B, 0x10, 0x2F, 
    0x10, 0x2E, 0xB6, 0x00, 0x22, 0x03, 0x2A, 0xB4, 0x00, 0x11, 0xB8, 0x00, 0x28, 0x4E, 0x2C, 0x10, 
    0x2F, 0x10, 0x2E, 0xB6, 0x00, 0x22, 0x03, 0x2A, 0xB4, 0x00, 0x11, 0xB8, 0x00, 0x28, 0x3A, 0x04, 
    0x2D, 0x19, 0x04, 0xB6, 0x00, 0x2C, 0x99, 0x00, 0x05, 0x2B, 0xB0, 0x19, 0x04, 0x2D, 0xB6, 0x00, 
    0x2C, 0x99, 0x00, 0x05, 0x2C, 0xB0, 0x2D, 0xB6, 0x00, 0x30, 0x9A, 0x00, 0x0B, 0x19, 0x04, 0xB6, 
    0x00, 0x30, 0x99, 0x00, 0x06, 0x12, 0x34, 0xB0, 0x2D, 0xB6, 0x00, 0x35, 0x4E, 0x2D, 0x19, 0x04, 
    0xB6, 0x00, 0x2C, 0x99, 0xFF, 0xF5, 0x2D, 0xB6, 0x00, 0x38, 0x10, 0x2E, 0x10, 0x2F, 0xB6, 0x00, 
    0x22, 0xB0, 0x4E, 0x2A, 0x2B, 0x2C, 0xB7, 0x00, 0x3E, 0xB0, 0x3A, 0x04, 0x12, 0x34, 0xB0, 0x00, 
    0x05, 0x00, 0x00, 0x00, 0x2D, 0x00, 0x65, 0x00, 0x3C, 0x00, 0x2E, 0x00, 0x38, 0x00, 0x65, 0x00, 
    0x3C, 0x00, 0x39, 0x00, 0x4A, 0x00, 0x65, 0x00, 0x3C, 0x00, 0x4B, 0x00, 0x64, 0x00, 0x65, 0x00, 
    0x3C, 0x00, 0x66, 0x00, 0x6C, 0x00, 0x6D, 0x00, 0x3C, 0x00, 0x04, 0x00, 0x43, 0x00, 0x00, 0x00, 
    0x32, 0x00, 0x0C, 0x00, 0x00, 0x00, 0x9B, 0x00, 0x11, 0x00, 0x9C, 0x00, 0x23, 0x00, 0x9E, 0x00, 
    0x2E, 0x00, 0x9F, 0x00, 0x39, 0x00, 0xA0, 0x00, 0x4B, 0x00, 0xA2, 0x00, 0x50, 0x00, 0xA3, 0x00, 
    0x59, 0x00, 0xA4, 0x00, 0x65, 0x00, 0xA5, 0x00, 0x66, 0x00, 0xA7, 0x00, 0x6D, 0x00, 0xA8, 0x00, 
    0x6F, 0x00, 0xA9, 0x00, 0x44, 0x00, 0x00, 0x00, 0x48, 0x00, 0x07, 0x00, 0x11, 0x00, 0x54, 0x00, 
    0x4E, 0x00, 0x4F, 0x00, 0x03, 0x00, 0x23, 0x00, 0x42, 0x00, 0x50, 0x00, 0x4F, 0x00, 0x04, 0x00, 
    0x6F, 0x00, 0x03, 0x00, 0x51, 0x00, 0x52, 0x00, 0x04, 0x00, 0x66, 0x00, 0x0C, 0x00, 0x53, 0x00, 
    0x52, 0x00, 0x03, 0x00, 0x00, 0x00, 0x72, 0x00, 0x45, 0x00, 0x46, 0x00, 0x00, 0x00, 0x00, 0x00, 
    0x72, 0x00, 0x54, 0x00, 0x55, 0x00, 0x01, 0x00, 0x00, 0x00, 0x72, 0x00, 0x56, 0x00, 0x55, 0x00, 
    0x02, 0x00, 0x57, 0x00, 0x00, 0x00, 0x16, 0x00, 0x02, 0x00, 0x11, 0x00, 0x54, 0x00, 0x4E, 0x00, 
    0x58, 0x00, 0x03, 0x00, 0x23, 0x00, 0x42, 0x00, 0x50, 0x00, 0x58, 0x00, 0x04, 0x00, 0x4B, 0x00, 
    0x00, 0x00, 0x37, 0x00, 0x06, 0xFD, 0x00, 0x2E, 0x07, 0x00, 0x1E, 0x07, 0x00, 0x1E, 0x0A, 0x0E, 
    0x02, 0xFF, 0x00, 0x19, 0x00, 0x03, 0x07, 0x00, 0x12, 0x07, 0x00, 0x23, 0x07, 0x00, 0x23, 0x00, 
    0x01, 0x07, 0x00, 0x3C, 0xFF, 0x00, 0x07, 0x00, 0x04, 0x07, 0x00, 0x12, 0x07, 0x00, 0x23, 0x07, 
    0x00, 0x23, 0x07, 0x00, 0x3C, 0x00, 0x01, 0x07, 0x00, 0x3C, 0x00, 0x02, 0x00, 0x59, 0x00, 0x00, 
    0x00, 0x02, 0x00, 0x5A, 0x00, 0x5B, 0x00, 0x00, 0x00, 0x0A, 0x00, 0x01, 0x00, 0x12, 0x00, 0x5C, 
    0x00, 0x5E, 0x00, 0x0A
};
static const size_t DISPATCHER_TRANSFORMER_CUSTOMCLASSWRITER_SIZE = 2004;

// DISPATCHER_TRANSFORMER_1 (3479 bytes)
static const uint8_t DISPATCHER_TRANSFORMER_1[] = {
    0xCA, 0xFE, 0xBA, 0xBE, 0x00, 0x00, 0x00, 0x34, 0x00, 0xA0, 0x09, 0x00, 0x02, 0x00, 0x03, 0x07, 
    0x00, 0x04, 0x0C, 0x00, 0x05, 0x00, 0x06, 0x01, 0x00, 0x33, 0x6F, 0x72, 0x67, 0x2F, 0x61, 0x70, 
    0x61, 0x63, 0x68, 0x65, 0x2F, 0x63, 0x6F, 0x6D, 0x6D, 0x6F, 0x6E, 0x73, 0x2F, 0x69, 0x6E, 0x74, 
    0x65, 0x72, 0x6E, 0x61, 0x6C, 0x2F, 0x44, 0x69, 0x73, 0x70, 0x61, 0x74, 0x63, 0x68, 0x65, 0x72, 
    0x54, 0x72, 0x61, 0x6E, 0x73, 0x66, 0x6F, 0x72, 0x6D, 0x65, 0x72, 0x24, 0x31, 0x01, 0x00, 0x0E, 
    0x76, 0x61, 0x6C, 0x24, 0x6D, 0x65, 0x74, 0x68, 0x6F, 0x64, 0x4E, 0x61, 0x6D, 0x65, 0x01, 0x00, 
    0x12, 0x4C, 0x6A, 0x61, 0x76, 0x61, 0x2F, 0x6C, 0x61, 0x6E, 0x67, 0x2F, 0x53, 0x74, 0x72, 0x69, 
    0x6E, 0x67, 0x3B, 0x09, 0x00, 0x02, 0x00, 0x08, 0x0C, 0x00, 0x09, 0x00, 0x06, 0x01, 0x00, 0x14, 
    0x76, 0x61, 0x6C, 0x24, 0x6D, 0x65, 0x74, 0x68, 0x6F, 0x64, 0x44, 0x65, 0x73, 0x63, 0x72, 0x69, 
    0x70, 0x74, 0x6F, 0x72, 0x09, 0x00, 0x02, 0x00, 0x0B, 0x0C, 0x00, 0x0C, 0x00, 0x0D, 0x01, 0x00, 
    0x0A, 0x76, 0x61, 0x6C, 0x24, 0x69, 0x6E, 0x6C, 0x69, 0x6E, 0x65, 0x01, 0x00, 0x01, 0x5A, 0x09, 
    0x00, 0x02, 0x00, 0x0F, 0x0C, 0x00, 0x10, 0x00, 0x11, 0x01, 0x00, 0x0A, 0x76, 0x61, 0x6C, 0x24, 
    0x68, 0x6F, 0x6F, 0x6B, 0x49, 0x64, 0x01, 0x00, 0x01, 0x49, 0x09, 0x00, 0x02, 0x00, 0x13, 0x0C, 
    0x00, 0x14, 0x00, 0x11, 0x01, 0x00, 0x0C, 0x76, 0x61, 0x6C, 0x24, 0x70, 0x6F, 0x73, 0x69, 0x74, 
    0x69, 0x6F, 0x6E, 0x09, 0x00, 0x02, 0x00, 0x16, 0x0C, 0x00, 0x17, 0x00, 0x06, 0x01, 0x00, 0x0A, 
    0x76, 0x61, 0x6C, 0x24, 0x74, 0x4F, 0x77, 0x6E, 0x65, 0x72, 0x09, 0x00, 0x02, 0x00, 0x19, 0x0C, 
    0x00, 0x1A, 0x00, 0x06, 0x01, 0x00, 0x09, 0x76, 0x61, 0x6C, 0x24, 0x74, 0x4E, 0x61, 0x6D, 0x65, 
    0x09, 0x00, 0x02, 0x00, 0x1C, 0x0C, 0x00, 0x1D, 0x00, 0x06, 0x01, 0x00, 0x09, 0x76, 0x61, 0x6C, 
    0x24, 0x74, 0x44, 0x65, 0x73, 0x63, 0x09, 0x00, 0x02, 0x00, 0x1F, 0x0C, 0x00, 0x20, 0x00, 0x11, 
    0x01, 0x00, 0x0E, 0x76, 0x61, 0x6C, 0x24, 0x6F, 0x63, 0x63, 0x75, 0x72, 0x72, 0x65, 0x6E, 0x63, 
    0x65, 0x09, 0x00, 0x02, 0x00, 0x22, 0x0C, 0x00, 0x23, 0x00, 0x11, 0x01, 0x00, 0x0E, 0x76, 0x61, 
    0x6C, 0x24, 0x6C, 0x69, 0x6E, 0x65, 0x4E, 0x75, 0x6D, 0x62, 0x65, 0x72, 0x0A, 0x00, 0x25, 0x00, 
    0x26, 0x07, 0x00, 0x27, 0x0C, 0x00, 0x28, 0x00, 0x29, 0x01, 0x00, 0x1E, 0x6F, 0x72, 0x67, 0x2F, 
    0x6F, 0x62, 0x6A, 0x65, 0x63, 0x74, 0x77, 0x65, 0x62, 0x2F, 0x61, 0x73, 0x6D, 0x2F, 0x43, 0x6C, 
    0x61, 0x73, 0x73, 0x56, 0x69, 0x73, 0x69, 0x74, 0x6F, 0x72, 0x01, 0x00, 0x06, 0x3C, 0x69, 0x6E, 
    0x69, 0x74, 0x3E, 0x01, 0x00, 0x24, 0x28, 0x49, 0x4C, 0x6F, 0x72, 0x67, 0x2F, 0x6F, 0x62, 0x6A, 
    0x65, 0x63, 0x74, 0x77, 0x65, 0x62, 0x2F, 0x61, 0x73, 0x6D, 0x2F, 0x43, 0x6C, 0x61, 0x73, 0x73, 
    0x56, 0x69, 0x73, 0x69, 0x74, 0x6F, 0x72, 0x3B, 0x29, 0x56, 0x09, 0x00, 0x02, 0x00, 0x2B, 0x0C, 
    0x00, 0x2C, 0x00, 0x2D, 0x01, 0x00, 0x02, 0x63, 0x76, 0x01, 0x00, 0x20, 0x4C, 0x6F, 0x72, 0x67, 
    0x2F, 0x6F, 0x62, 0x6A, 0x65, 0x63, 0x74, 0x77, 0x65, 0x62, 0x2F, 0x61, 0x73, 0x6D, 0x2F, 0x43, 
    0x6C, 0x61, 0x73, 0x73, 0x56, 0x69, 0x73, 0x69, 0x74, 0x6F, 0x72, 0x3B, 0x0A, 0x00, 0x25, 0x00, 
    0x2F, 0x0C, 0x00, 0x30, 0x00, 0x31, 0x01, 0x00, 0x0F, 0x76, 0x69, 0x73, 0x69, 0x74, 0x4E, 0x65, 
    0x73, 0x74, 0x4D, 0x65, 0x6D, 0x62, 0x65, 0x72, 0x01, 0x00, 0x15, 0x28, 0x4C, 0x6A, 0x61, 0x76, 
    0x61, 0x2F, 0x6C, 0x61, 0x6E, 0x67, 0x2F, 0x53, 0x74, 0x72, 0x69, 0x6E, 0x67, 0x3B, 0x29, 0x56, 
    0x07, 0x00, 0x33, 0x01, 0x00, 0x13, 0x6A, 0x61, 0x76, 0x61, 0x2F, 0x6C, 0x61, 0x6E, 0x67, 0x2F, 
    0x54, 0x68, 0x72, 0x6F, 0x77, 0x61, 0x62, 0x6C, 0x65, 0x09, 0x00, 0x35, 0x00, 0x36, 0x07, 0x00, 
    0x37, 0x0C, 0x00, 0x38, 0x00, 0x39, 0x01, 0x00, 0x10, 0x6A, 0x61, 0x76, 0x61, 0x2F, 0x6C, 0x61, 
    0x6E, 0x67, 0x2F, 0x53, 0x79, 0x73, 0x74, 0x65, 0x6D, 0x01, 0x00, 0x03, 0x65, 0x72, 0x72, 0x01, 
    0x00, 0x15, 0x4C, 0x6A, 0x61, 0x76, 0x61, 0x2F, 0x69, 0x6F, 0x2F, 0x50, 0x72, 0x69, 0x6E, 0x74, 
    0x53, 0x74, 0x72, 0x65, 0x61, 0x6D, 0x3B, 0x07, 0x00, 0x3B, 0x01, 0x00, 0x17, 0x6A, 0x61, 0x76, 
    0x61, 0x2F, 0x6C, 0x61, 0x6E, 0x67, 0x2F, 0x53, 0x74, 0x72, 0x69, 0x6E, 0x67, 0x42, 0x75, 0x69, 
    0x6C, 0x64, 0x65, 0x72, 0x0A, 0x00, 0x3A, 0x00, 0x3D, 0x0C, 0x00, 0x28, 0x00, 0x3E, 0x01, 0x00, 
    0x03, 0x28, 0x29, 0x56, 0x08, 0x00, 0x40, 0x01, 0x00, 0x2B, 0x5B, 0x44, 0x69, 0x73, 0x70, 0x61, 
    0x74, 0x63, 0x68, 0x65, 0x72, 0x54, 0x72, 0x61, 0x6E, 0x73, 0x66, 0x6F, 0x72, 0x6D, 0x65, 0x72, 
    0x5D, 0x20, 0x63, 0x76, 0x2E, 0x76, 0x69, 0x73, 0x69, 0x74, 0x4E, 0x65, 0x73, 0x74, 0x4D, 0x65, 
    0x6D, 0x62, 0x65, 0x72, 0x28, 0x0A, 0x00, 0x3A, 0x00, 0x42, 0x0C, 0x00, 0x43, 0x00, 0x44, 0x01, 
    0x00, 0x06, 0x61, 0x70, 0x70, 0x65, 0x6E, 0x64, 0x01, 0x00, 0x2D, 0x28, 0x4C, 0x6A, 0x61, 0x76, 
    0x61, 0x2F, 0x6C, 0x61, 0x6E, 0x67, 0x2F, 0x53, 0x74, 0x72, 0x69, 0x6E, 0x67, 0x3B, 0x29, 0x4C, 
    0x6A, 0x61, 0x76, 0x61, 0x2F, 0x6C, 0x61, 0x6E, 0x67, 0x2F, 0x53, 0x74, 0x72, 0x69, 0x6E, 0x67, 
    0x42, 0x75, 0x69, 0x6C, 0x64, 0x65, 0x72, 0x3B, 0x08, 0x00, 0x46, 0x01, 0x00, 0x08, 0x29, 0x20, 
    0x74, 0x68, 0x72, 0x65, 0x77, 0x20, 0x0A, 0x00, 0x48, 0x00, 0x49, 0x07, 0x00, 0x4A, 0x0C, 0x00, 
    0x4B, 0x00, 0x4C, 0x01, 0x00, 0x10, 0x6A, 0x61, 0x76, 0x61, 0x2F, 0x6C, 0x61, 0x6E, 0x67, 0x2F, 
    0x4F, 0x62, 0x6A, 0x65, 0x63, 0x74, 0x01, 0x00, 0x08, 0x67, 0x65, 0x74, 0x43, 0x6C, 0x61, 0x73, 
    0x73, 0x01, 0x00, 0x13, 0x28, 0x29, 0x4C, 0x6A, 0x61, 0x76, 0x61, 0x2F, 0x6C, 0x61, 0x6E, 0x67, 
    0x2F, 0x43, 0x6C, 0x61, 0x73, 0x73, 0x3B, 0x0A, 0x00, 0x4E, 0x00, 0x4F, 0x07, 0x00, 0x50, 0x0C, 
    0x00, 0x51, 0x00, 0x52, 0x01, 0x00, 0x0F, 0x6A, 0x61, 0x76, 0x61, 0x2F, 0x6C, 0x61, 0x6E, 0x67, 
    0x2F, 0x43, 0x6C, 0x61, 0x73, 0x73, 0x01, 0x00, 0x07, 0x67, 0x65, 0x74, 0x4E, 0x61, 0x6D, 0x65, 
    0x01, 0x00, 0x14, 0x28, 0x29, 0x4C, 0x6A, 0x61, 0x76, 0x61, 0x2F, 0x6C, 0x61, 0x6E, 0x67, 0x2F, 
    0x53, 0x74, 0x72, 0x69, 0x6E, 0x67, 0x3B, 0x08, 0x00, 0x54, 0x01, 0x00, 0x02, 0x3A, 0x20, 0x0A, 
    0x00, 0x32, 0x00, 0x56, 0x0C, 0x00, 0x57, 0x00, 0x52, 0x01, 0x00, 0x0A, 0x67, 0x65, 0x74, 0x4D, 
    0x65, 0x73, 0x73, 0x61, 0x67, 0x65, 0x08, 0x00, 0x59, 0x01, 0x00, 0x17, 0x20, 0xE2, 0x80, 0x94, 
    0x20, 0x64, 0x72, 0x6F, 0x70, 0x70, 0x69, 0x6E, 0x67, 0x20, 0x61, 0x74, 0x74, 0x72, 0x69, 0x62, 
    0x75, 0x74, 0x65, 0x0A, 0x00, 0x3A, 0x00, 0x5B, 0x0C, 0x00, 0x5C, 0x00, 0x52, 0x01, 0x00, 0x08, 
    0x74, 0x6F, 0x53, 0x74, 0x72, 0x69, 0x6E, 0x67, 0x0A, 0x00, 0x5E, 0x00, 0x5F, 0x07, 0x00, 0x60, 
    0x0C, 0x00, 0x61, 0x00, 0x31, 0x01, 0x00, 0x13, 0x6A, 0x61, 0x76, 0x61, 0x2F, 0x69, 0x6F, 0x2F, 
    0x50, 0x72, 0x69, 0x6E, 0x74, 0x53, 0x74, 0x72, 0x65, 0x61, 0x6D, 0x01, 0x00, 0x07, 0x70, 0x72, 
    0x69, 0x6E, 0x74, 0x6C, 0x6E, 0x0A, 0x00, 0x25, 0x00, 0x63, 0x0C, 0x00, 0x64, 0x00, 0x31, 0x01, 
    0x00, 0x0D, 0x76, 0x69, 0x73, 0x69, 0x74, 0x4E, 0x65, 0x73, 0x74, 0x48, 0x6F, 0x73, 0x74, 0x08, 
    0x00, 0x66, 0x01, 0x00, 0x29, 0x5B, 0x44, 0x69, 0x73, 0x70, 0x61, 0x74, 0x63, 0x68, 0x65, 0x72, 
    0x54, 0x72, 0x61, 0x6E, 0x73, 0x66, 0x6F, 0x72, 0x6D, 0x65, 0x72, 0x5D, 0x20, 0x63, 0x76, 0x2E, 
    0x76, 0x69, 0x73, 0x69, 0x74, 0x4E, 0x65, 0x73, 0x74, 0x48, 0x6F, 0x73, 0x74, 0x28, 0x0A, 0x00, 
    0x25, 0x00, 0x68, 0x0C, 0x00, 0x69, 0x00, 0x6A, 0x01, 0x00, 0x0B, 0x76, 0x69, 0x73, 0x69, 0x74, 
    0x4D, 0x65, 0x74, 0x68, 0x6F, 0x64, 0x01, 0x00, 0x6D, 0x28, 0x49, 0x4C, 0x6A, 0x61, 0x76, 0x61, 
    0x2F, 0x6C, 0x61, 0x6E, 0x67, 0x2F, 0x53, 0x74, 0x72, 0x69, 0x6E, 0x67, 0x3B, 0x4C, 0x6A, 0x61, 
    0x76, 0x61, 0x2F, 0x6C, 0x61, 0x6E, 0x67, 0x2F, 0x53, 0x74, 0x72, 0x69, 0x6E, 0x67, 0x3B, 0x4C, 
    0x6A, 0x61, 0x76, 0x61, 0x2F, 0x6C, 0x61, 0x6E, 0x67, 0x2F, 0x53, 0x74, 0x72, 0x69, 0x6E, 0x67, 
    0x3B, 0x5B, 0x4C, 0x6A, 0x61, 0x76, 0x61, 0x2F, 0x6C, 0x61, 0x6E, 0x67, 0x2F, 0x53, 0x74, 0x72, 
    0x69, 0x6E, 0x67, 0x3B, 0x29, 0x4C, 0x6F, 0x72, 0x67, 0x2F, 0x6F, 0x62, 0x6A, 0x65, 0x63, 0x74, 
    0x77, 0x65, 0x62, 0x2F, 0x61, 0x73, 0x6D, 0x2F, 0x4D, 0x65, 0x74, 0x68, 0x6F, 0x64, 0x56, 0x69, 
    0x73, 0x69, 0x74, 0x6F, 0x72, 0x3B, 0x0A, 0x00, 0x6C, 0x00, 0x6D, 0x07, 0x00, 0x6E, 0x0C, 0x00, 
    0x6F, 0x00, 0x70, 0x01, 0x00, 0x10, 0x6A, 0x61, 0x76, 0x61, 0x2F, 0x6C, 0x61, 0x6E, 0x67, 0x2F, 
    0x53, 0x74, 0x72, 0x69, 0x6E, 0x67, 0x01, 0x00, 0x06, 0x65, 0x71, 0x75, 0x61, 0x6C, 0x73, 0x01, 
    0x00, 0x15, 0x28, 0x4C, 0x6A, 0x61, 0x76, 0x61, 0x2F, 0x6C, 0x61, 0x6E, 0x67, 0x2F, 0x4F, 0x62, 
    0x6A, 0x65, 0x63, 0x74, 0x3B, 0x29, 0x5A, 0x07, 0x00, 0x72, 0x01, 0x00, 0x49, 0x6F, 0x72, 0x67, 
    0x2F, 0x61, 0x70, 0x61, 0x63, 0x68, 0x65, 0x2F, 0x63, 0x6F, 0x6D, 0x6D, 0x6F, 0x6E, 0x73, 0x2F, 
    0x69, 0x6E, 0x74, 0x65, 0x72, 0x6E, 0x61, 0x6C, 0x2F, 0x44, 0x69, 0x73, 0x70, 0x61, 0x74, 0x63, 
    0x68, 0x65, 0x72, 0x54, 0x72, 0x61, 0x6E, 0x73, 0x66, 0x6F, 0x72, 0x6D, 0x65, 0x72, 0x24, 0x49, 
    0x6E, 0x6C, 0x69, 0x6E, 0x65, 0x48, 0x6F, 0x6F, 0x6B, 0x4D, 0x65, 0x74, 0x68, 0x6F, 0x64, 0x56, 
    0x69, 0x73, 0x69, 0x74, 0x6F, 0x72, 0x07, 0x00, 0x74, 0x01, 0x00, 0x19, 0x6F, 0x72, 0x67, 0x2F, 
    0x6F, 0x62, 0x6A, 0x65, 0x63, 0x74, 0x77, 0x65, 0x62, 0x2F, 0x61, 0x73, 0x6D, 0x2F, 0x4F, 0x70, 
    0x63, 0x6F, 0x64, 0x65, 0x73, 0x03, 0x00, 0x09, 0x00, 0x00, 0x0A, 0x00, 0x71, 0x00, 0x77, 0x0C, 
    0x00, 0x28, 0x00, 0x78, 0x01, 0x00, 0x84, 0x28, 0x49, 0x4C, 0x6F, 0x72, 0x67, 0x2F, 0x6F, 0x62, 
    0x6A, 0x65, 0x63, 0x74, 0x77, 0x65, 0x62, 0x2F, 0x61, 0x73, 0x6D, 0x2F, 0x4D, 0x65, 0x74, 0x68, 
    0x6F, 0x64, 0x56, 0x69, 0x73, 0x69, 0x74, 0x6F, 0x72, 0x3B, 0x49, 0x4C, 0x6A, 0x61, 0x76, 0x61, 
    0x2F, 0x6C, 0x61, 0x6E, 0x67, 0x2F, 0x53, 0x74, 0x72, 0x69, 0x6E, 0x67, 0x3B, 0x4C, 0x6A, 0x61, 
    0x76, 0x61, 0x2F, 0x6C, 0x61, 0x6E, 0x67, 0x2F, 0x53, 0x74, 0x72, 0x69, 0x6E, 0x67, 0x3B, 0x49, 
    0x49, 0x4C, 0x6A, 0x61, 0x76, 0x61, 0x2F, 0x6C, 0x61, 0x6E, 0x67, 0x2F, 0x53, 0x74, 0x72, 0x69, 
    0x6E, 0x67, 0x3B, 0x4C, 0x6A, 0x61, 0x76, 0x61, 0x2F, 0x6C, 0x61, 0x6E, 0x67, 0x2F, 0x53, 0x74, 
    0x72, 0x69, 0x6E, 0x67, 0x3B, 0x4C, 0x6A, 0x61, 0x76, 0x61, 0x2F, 0x6C, 0x61, 0x6E, 0x67, 0x2F, 
    0x53, 0x74, 0x72, 0x69, 0x6E, 0x67, 0x3B, 0x49, 0x49, 0x29, 0x56, 0x07, 0x00, 0x7A, 0x01, 0x00, 
    0x43, 0x6F, 0x72, 0x67, 0x2F, 0x61, 0x70, 0x61, 0x63, 0x68, 0x65, 0x2F, 0x63, 0x6F, 0x6D, 0x6D, 
    0x6F, 0x6E, 0x73, 0x2F, 0x69, 0x6E, 0x74, 0x65, 0x72, 0x6E, 0x61, 0x6C, 0x2F, 0x44, 0x69, 0x73, 
    0x70, 0x61, 0x74, 0x63, 0x68, 0x65, 0x72, 0x54, 0x72, 0x61, 0x6E, 0x73, 0x66, 0x6F, 0x72, 0x6D, 
    0x65, 0x72, 0x24, 0x48, 0x6F, 0x6F, 0x6B, 0x4D, 0x65, 0x74, 0x68, 0x6F, 0x64, 0x56, 0x69, 0x73, 
    0x69, 0x74, 0x6F, 0x72, 0x0A, 0x00, 0x79, 0x00, 0x7C, 0x0C, 0x00, 0x28, 0x00, 0x7D, 0x01, 0x00, 
    0x4B, 0x28, 0x49, 0x4C, 0x6F, 0x72, 0x67, 0x2F, 0x6F, 0x62, 0x6A, 0x65, 0x63, 0x74, 0x77, 0x65, 
    0x62, 0x2F, 0x61, 0x73, 0x6D, 0x2F, 0x4D, 0x65, 0x74, 0x68, 0x6F, 0x64, 0x56, 0x69, 0x73, 0x69, 
    0x74, 0x6F, 0x72, 0x3B, 0x49, 0x4C, 0x6A, 0x61, 0x76, 0x61, 0x2F, 0x6C, 0x61, 0x6E, 0x67, 0x2F, 
    0x53, 0x74, 0x72, 0x69, 0x6E, 0x67, 0x3B, 0x4C, 0x6A, 0x61, 0x76, 0x61, 0x2F, 0x6C, 0x61, 0x6E, 
    0x67, 0x2F, 0x53, 0x74, 0x72, 0x69, 0x6E, 0x67, 0x3B, 0x49, 0x29, 0x56, 0x01, 0x00, 0x83, 0x28, 
    0x49, 0x4C, 0x6F, 0x72, 0x67, 0x2F, 0x6F, 0x62, 0x6A, 0x65, 0x63, 0x74, 0x77, 0x65, 0x62, 0x2F, 
    0x61, 0x73, 0x6D, 0x2F, 0x43, 0x6C, 0x61, 0x73, 0x73, 0x56, 0x69, 0x73, 0x69, 0x74, 0x6F, 0x72, 
    0x3B, 0x4C, 0x6A, 0x61, 0x76, 0x61, 0x2F, 0x6C, 0x61, 0x6E, 0x67, 0x2F, 0x53, 0x74, 0x72, 0x69, 
    0x6E, 0x67, 0x3B, 0x4C, 0x6A, 0x61, 0x76, 0x61, 0x2F, 0x6C, 0x61, 0x6E, 0x67, 0x2F, 0x53, 0x74, 
    0x72, 0x69, 0x6E, 0x67, 0x3B, 0x5A, 0x49, 0x49, 0x4C, 0x6A, 0x61, 0x76, 0x61, 0x2F, 0x6C, 0x61, 
    0x6E, 0x67, 0x2F, 0x53, 0x74, 0x72, 0x69, 0x6E, 0x67, 0x3B, 0x4C, 0x6A, 0x61, 0x76, 0x61, 0x2F, 
    0x6C, 0x61, 0x6E, 0x67, 0x2F, 0x53, 0x74, 0x72, 0x69, 0x6E, 0x67, 0x3B, 0x4C, 0x6A, 0x61, 0x76, 
    0x61, 0x2F, 0x6C, 0x61, 0x6E, 0x67, 0x2F, 0x53, 0x74, 0x72, 0x69, 0x6E, 0x67, 0x3B, 0x49, 0x49, 
    0x29, 0x56, 0x01, 0x00, 0x04, 0x43, 0x6F, 0x64, 0x65, 0x01, 0x00, 0x0F, 0x4C, 0x69, 0x6E, 0x65, 
    0x4E, 0x75, 0x6D, 0x62, 0x65, 0x72, 0x54, 0x61, 0x62, 0x6C, 0x65, 0x01, 0x00, 0x12, 0x4C, 0x6F, 
    0x63, 0x61, 0x6C, 0x56, 0x61, 0x72, 0x69, 0x61, 0x62, 0x6C, 0x65, 0x54, 0x61, 0x62, 0x6C, 0x65, 
    0x01, 0x00, 0x04, 0x74, 0x68, 0x69, 0x73, 0x01, 0x00, 0x35, 0x4C, 0x6F, 0x72, 0x67, 0x2F, 0x61, 
    0x70, 0x61, 0x63, 0x68, 0x65, 0x2F, 0x63, 0x6F, 0x6D, 0x6D, 0x6F, 0x6E, 0x73, 0x2F, 0x69, 0x6E, 
    0x74, 0x65, 0x72, 0x6E, 0x61, 0x6C, 0x2F, 0x44, 0x69, 0x73, 0x70, 0x61, 0x74, 0x63, 0x68, 0x65, 
    0x72, 0x54, 0x72, 0x61, 0x6E, 0x73, 0x66, 0x6F, 0x72, 0x6D, 0x65, 0x72, 0x24, 0x31, 0x3B, 0x01, 
    0x00, 0x04, 0x61, 0x72, 0x67, 0x30, 0x01, 0x00, 0x04, 0x61, 0x72, 0x67, 0x31, 0x01, 0x00, 0x01, 
    0x74, 0x01, 0x00, 0x15, 0x4C, 0x6A, 0x61, 0x76, 0x61, 0x2F, 0x6C, 0x61, 0x6E, 0x67, 0x2F, 0x54, 
    0x68, 0x72, 0x6F, 0x77, 0x61, 0x62, 0x6C, 0x65, 0x3B, 0x01, 0x00, 0x0A, 0x6E, 0x65, 0x73, 0x74, 
    0x4D, 0x65, 0x6D, 0x62, 0x65, 0x72, 0x01, 0x00, 0x0D, 0x53, 0x74, 0x61, 0x63, 0x6B, 0x4D, 0x61, 
    0x70, 0x54, 0x61, 0x62, 0x6C, 0x65, 0x01, 0x00, 0x08, 0x6E, 0x65, 0x73, 0x74, 0x48, 0x6F, 0x73, 
    0x74, 0x01, 0x00, 0x06, 0x61, 0x63, 0x63, 0x65, 0x73, 0x73, 0x01, 0x00, 0x04, 0x6E, 0x61, 0x6D, 
    0x65, 0x01, 0x00, 0x0A, 0x64, 0x65, 0x73, 0x63, 0x72, 0x69, 0x70, 0x74, 0x6F, 0x72, 0x01, 0x00, 
    0x09, 0x73, 0x69, 0x67, 0x6E, 0x61, 0x74, 0x75, 0x72, 0x65, 0x01, 0x00, 0x0A, 0x65, 0x78, 0x63, 
    0x65, 0x70, 0x74, 0x69, 0x6F, 0x6E, 0x73, 0x01, 0x00, 0x13, 0x5B, 0x4C, 0x6A, 0x61, 0x76, 0x61, 
    0x2F, 0x6C, 0x61, 0x6E, 0x67, 0x2F, 0x53, 0x74, 0x72, 0x69, 0x6E, 0x67, 0x3B, 0x01, 0x00, 0x02, 
    0x6D, 0x76, 0x01, 0x00, 0x21, 0x4C, 0x6F, 0x72, 0x67, 0x2F, 0x6F, 0x62, 0x6A, 0x65, 0x63, 0x74, 
    0x77, 0x65, 0x62, 0x2F, 0x61, 0x73, 0x6D, 0x2F, 0x4D, 0x65, 0x74, 0x68, 0x6F, 0x64, 0x56, 0x69, 
    0x73, 0x69, 0x74, 0x6F, 0x72, 0x3B, 0x07, 0x00, 0x94, 0x01, 0x00, 0x1F, 0x6F, 0x72, 0x67, 0x2F, 
    0x6F, 0x62, 0x6A, 0x65, 0x63, 0x74, 0x77, 0x65, 0x62, 0x2F, 0x61, 0x73, 0x6D, 0x2F, 0x4D, 0x65, 
    0x74, 0x68, 0x6F, 0x64, 0x56, 0x69, 0x73, 0x69, 0x74, 0x6F, 0x72, 0x01, 0x00, 0x0A, 0x53, 0x6F, 
    0x75, 0x72, 0x63, 0x65, 0x46, 0x69, 0x6C, 0x65, 0x01, 0x00, 0x1A, 0x44, 0x69, 0x73, 0x70, 0x61, 
    0x74, 0x63, 0x68, 0x65, 0x72, 0x54, 0x72, 0x61, 0x6E, 0x73, 0x66, 0x6F, 0x72, 0x6D, 0x65, 0x72, 
    0x2E, 0x6A, 0x61, 0x76, 0x61, 0x01, 0x00, 0x0F, 0x45, 0x6E, 0x63, 0x6C, 0x6F, 0x73, 0x69, 0x6E, 
    0x67, 0x4D, 0x65, 0x74, 0x68, 0x6F, 0x64, 0x07, 0x00, 0x99, 0x01, 0x00, 0x31, 0x6F, 0x72, 0x67, 
    0x2F, 0x61, 0x70, 0x61, 0x63, 0x68, 0x65, 0x2F, 0x63, 0x6F, 0x6D, 0x6D, 0x6F, 0x6E, 0x73, 0x2F, 
    0x69, 0x6E, 0x74, 0x65, 0x72, 0x6E, 0x61, 0x6C, 0x2F, 0x44, 0x69, 0x73, 0x70, 0x61, 0x74, 0x63, 
    0x68, 0x65, 0x72, 0x54, 0x72, 0x61, 0x6E, 0x73, 0x66, 0x6F, 0x72, 0x6D, 0x65, 0x72, 0x0C, 0x00, 
    0x9B, 0x00, 0x9C, 0x01, 0x00, 0x09, 0x74, 0x72, 0x61, 0x6E, 0x73, 0x66, 0x6F, 0x72, 0x6D, 0x01, 
    0x00, 0x64, 0x28, 0x5B, 0x42, 0x4C, 0x6A, 0x61, 0x76, 0x61, 0x2F, 0x6C, 0x61, 0x6E, 0x67, 0x2F, 
    0x53, 0x74, 0x72, 0x69, 0x6E, 0x67, 0x3B, 0x4C, 0x6A, 0x61, 0x76, 0x61, 0x2F, 0x6C, 0x61, 0x6E, 
    0x67, 0x2F, 0x53, 0x74, 0x72, 0x69, 0x6E, 0x67, 0x3B, 0x49, 0x49, 0x4C, 0x6A, 0x61, 0x76, 0x61, 
    0x2F, 0x6C, 0x61, 0x6E, 0x67, 0x2F, 0x53, 0x74, 0x72, 0x69, 0x6E, 0x67, 0x3B, 0x4C, 0x6A, 0x61, 
    0x76, 0x61, 0x2F, 0x6C, 0x61, 0x6E, 0x67, 0x2F, 0x53, 0x74, 0x72, 0x69, 0x6E, 0x67, 0x3B, 0x4C, 
    0x6A, 0x61, 0x76, 0x61, 0x2F, 0x6C, 0x61, 0x6E, 0x67, 0x2F, 0x53, 0x74, 0x72, 0x69, 0x6E, 0x67, 
    0x3B, 0x49, 0x49, 0x29, 0x5B, 0x42, 0x01, 0x00, 0x0C, 0x49, 0x6E, 0x6E, 0x65, 0x72, 0x43, 0x6C, 
    0x61, 0x73, 0x73, 0x65, 0x73, 0x01, 0x00, 0x17, 0x49, 0x6E, 0x6C, 0x69, 0x6E, 0x65, 0x48, 0x6F, 
    0x6F, 0x6B, 0x4D, 0x65, 0x74, 0x68, 0x6F, 0x64, 0x56, 0x69, 0x73, 0x69, 0x74, 0x6F, 0x72, 0x01, 
    0x00, 0x11, 0x48, 0x6F, 0x6F, 0x6B, 0x4D, 0x65, 0x74, 0x68, 0x6F, 0x64, 0x56, 0x69, 0x73, 0x69, 
    0x74, 0x6F, 0x72, 0x00, 0x20, 0x00, 0x02, 0x00, 0x25, 0x00, 0x00, 0x00, 0x0A, 0x10, 0x10, 0x00, 
    0x05, 0x00, 0x06, 0x00, 0x00, 0x10, 0x10, 0x00, 0x09, 0x00, 0x06, 0x00, 0x00, 0x10, 0x10, 0x00, 
    0x0C, 0x00, 0x0D, 0x00, 0x00, 0x10, 0x10, 0x00, 0x10, 0x00, 0x11, 0x00, 0x00, 0x10, 0x10, 0x00, 
    0x14, 0x00, 0x11, 0x00, 0x00, 0x10, 0x10, 0x00, 0x17, 0x00, 0x06, 0x00, 0x00, 0x10, 0x10, 0x00, 
    0x1A, 0x00, 0x06, 0x00, 0x00, 0x10, 0x10, 0x00, 0x1D, 0x00, 0x06, 0x00, 0x00, 0x10, 0x10, 0x00, 
    0x20, 0x00, 0x11, 0x00, 0x00, 0x10, 0x10, 0x00, 0x23, 0x00, 0x11, 0x00, 0x00, 0x00, 0x04, 0x00, 
    0x00, 0x00, 0x28, 0x00, 0x7E, 0x00, 0x01, 0x00, 0x7F, 0x00, 0x00, 0x00, 0x80, 0x00, 0x03, 0x00, 
    0x0D, 0x00, 0x00, 0x00, 0x42, 0x2A, 0x2D, 0xB5, 0x00, 0x01, 0x2A, 0x19, 0x04, 0xB5, 0x00, 0x07, 
    0x2A, 0x15, 0x05, 0xB5, 0x00, 0x0A, 0x2A, 0x15, 0x06, 0xB5, 0x00, 0x0E, 0x2A, 0x15, 0x07, 0xB5, 
    0x00, 0x12, 0x2A, 0x19, 0x08, 0xB5, 0x00, 0x15, 0x2A, 0x19, 0x09, 0xB5, 0x00, 0x18, 0x2A, 0x19, 
    0x0A, 0xB5, 0x00, 0x1B, 0x2A, 0x15, 0x0B, 0xB5, 0x00, 0x1E, 0x2A, 0x15, 0x0C, 0xB5, 0x00, 0x21, 
    0x2A, 0x1B, 0x2C, 0xB7, 0x00, 0x24, 0xB1, 0x00, 0x00, 0x00, 0x02, 0x00, 0x80, 0x00, 0x00, 0x00, 
    0x06, 0x00, 0x01, 0x00, 0x00, 0x00, 0x40, 0x00, 0x81, 0x00, 0x00, 0x00, 0x20, 0x00, 0x03, 0x00, 
    0x00, 0x00, 0x42, 0x00, 0x82, 0x00, 0x83, 0x00, 0x00, 0x00, 0x00, 0x00, 0x42, 0x00, 0x84, 0x00, 
    0x11, 0x00, 0x01, 0x00, 0x00, 0x00, 0x42, 0x00, 0x85, 0x00, 0x2D, 0x00, 0x02, 0x00, 0x01, 0x00, 
    0x30, 0x00, 0x31, 0x00, 0x01, 0x00, 0x7F, 0x00, 0x00, 0x00, 0xBC, 0x00, 0x03, 0x00, 0x03, 0x00, 
    0x00, 0x00, 0x4D, 0x2A, 0xB4, 0x00, 0x2A, 0xC6, 0x00, 0x48, 0x2A, 0xB4, 0x00, 0x2A, 0x2B, 0xB6, 
    0x00, 0x2E, 0xA7, 0x00, 0x3D, 0x4D, 0xB2, 0x00, 0x34, 0xBB, 0x00, 0x3A, 0x59, 0xB7, 0x00, 0x3C, 
    0x12, 0x3F, 0xB6, 0x00, 0x41, 0x2B, 0xB6, 0x00, 0x41, 0x12, 0x45, 0xB6, 0x00, 0x41, 0x2C, 0xB6, 
    0x00, 0x47, 0xB6, 0x00, 0x4D, 0xB6, 0x00, 0x41, 0x12, 0x53, 0xB6, 0x00, 0x41, 0x2C, 0xB6, 0x00, 
    0x55, 0xB6, 0x00, 0x41, 0x12, 0x58, 0xB6, 0x00, 0x41, 0xB6, 0x00, 0x5A, 0xB6, 0x00, 0x5D, 0xB1, 
    0x00, 0x01, 0x00, 0x07, 0x00, 0x0F, 0x00, 0x12, 0x00, 0x32, 0x00, 0x03, 0x00, 0x80, 0x00, 0x00, 
    0x00, 0x22, 0x00, 0x08, 0x00, 0x00, 0x00, 0x5A, 0x00, 0x07, 0x00, 0x5C, 0x00, 0x0F, 0x00, 0x61, 
    0x00, 0x12, 0x00, 0x5D, 0x00, 0x13, 0x00, 0x5E, 0x00, 0x2C, 0x00, 0x5F, 0x00, 0x49, 0x00, 0x5E, 
    0x00, 0x4C, 0x00, 0x63, 0x00, 0x81, 0x00, 0x00, 0x00, 0x20, 0x00, 0x03, 0x00, 0x13, 0x00, 0x39, 
    0x00, 0x86, 0x00, 0x87, 0x00, 0x02, 0x00, 0x00, 0x00, 0x4D, 0x00, 0x82, 0x00, 0x83, 0x00, 0x00, 
    0x00, 0x00, 0x00, 0x4D, 0x00, 0x88, 0x00, 0x06, 0x00, 0x01, 0x00, 0x89, 0x00, 0x00, 0x00, 0x07, 
    0x00, 0x02, 0x52, 0x07, 0x00, 0x32, 0x39, 0x00, 0x01, 0x00, 0x64, 0x00, 0x31, 0x00, 0x01, 0x00, 
    0x7F, 0x00, 0x00, 0x00, 0xBC, 0x00, 0x03, 0x00, 0x03, 0x00, 0x00, 0x00, 0x4D, 0x2A, 0xB4, 0x00, 
    0x2A, 0xC6, 0x00, 0x48, 0x2A, 0xB4, 0x00, 0x2A, 0x2B, 0xB6, 0x00, 0x62, 0xA7, 0x00, 0x3D, 0x4D, 
    0xB2, 0x00, 0x34, 0xBB, 0x00, 0x3A, 0x59, 0xB7, 0x00, 0x3C, 0x12, 0x65, 0xB6, 0x00, 0x41, 0x2B, 
    0xB6, 0x00, 0x41, 0x12, 0x45, 0xB6, 0x00, 0x41, 0x2C, 0xB6, 0x00, 0x47, 0xB6, 0x00, 0x4D, 0xB6, 
    0x00, 0x41, 0x12, 0x53, 0xB6, 0x00, 0x41, 0x2C, 0xB6, 0x00, 0x55, 0xB6, 0x00, 0x41, 0x12, 0x58, 
    0xB6, 0x00, 0x41, 0xB6, 0x00, 0x5A, 0xB6, 0x00, 0x5D, 0xB1, 0x00, 0x01, 0x00, 0x07, 0x00, 0x0F, 
    0x00, 0x12, 0x00, 0x32, 0x00, 0x03, 0x00, 0x80, 0x00, 0x00, 0x00, 0x22, 0x00, 0x08, 0x00, 0x00, 
    0x00, 0x67, 0x00, 0x07, 0x00, 0x69, 0x00, 0x0F, 0x00, 0x6E, 0x00, 0x12, 0x00, 0x6A, 0x00, 0x13, 
    0x00, 0x6B, 0x00, 0x2C, 0x00, 0x6C, 0x00, 0x49, 0x00, 0x6B, 0x00, 0x4C, 0x00, 0x70, 0x00, 0x81, 
    0x00, 0x00, 0x00, 0x20, 0x00, 0x03, 0x00, 0x13, 0x00, 0x39, 0x00, 0x86, 0x00, 0x87, 0x00, 0x02, 
    0x00, 0x00, 0x00, 0x4D, 0x00, 0x82, 0x00, 0x83, 0x00, 0x00, 0x00, 0x00, 0x00, 0x4D, 0x00, 0x8A, 
    0x00, 0x06, 0x00, 0x01, 0x00, 0x89, 0x00, 0x00, 0x00, 0x07, 0x00, 0x02, 0x52, 0x07, 0x00, 0x32, 
    0x39, 0x00, 0x01, 0x00, 0x69, 0x00, 0x6A, 0x00, 0x01, 0x00, 0x7F, 0x00, 0x00, 0x00, 0xF4, 0x00, 
    0x0E, 0x00, 0x07, 0x00, 0x00, 0x00, 0x6B, 0x2A, 0x1B, 0x2C, 0x2D, 0x19, 0x04, 0x19, 0x05, 0xB7, 
    0x00, 0x67, 0x3A, 0x06, 0x2C, 0x2A, 0xB4, 0x00, 0x01, 0xB6, 0x00, 0x6B, 0x99, 0x00, 0x53, 0x2D, 
    0x2A, 0xB4, 0x00, 0x07, 0xB6, 0x00, 0x6B, 0x99, 0x00, 0x48, 0x2A, 0xB4, 0x00, 0x0A, 0x99, 0x00, 
    0x2E, 0xBB, 0x00, 0x71, 0x59, 0x12, 0x75, 0x19, 0x06, 0x1B, 0x2C, 0x2D, 0x2A, 0xB4, 0x00, 0x0E, 
    0x2A, 0xB4, 0x00, 0x12, 0x2A, 0xB4, 0x00, 0x15, 0x2A, 0xB4, 0x00, 0x18, 0x2A, 0xB4, 0x00, 0x1B, 
    0x2A, 0xB4, 0x00, 0x1E, 0x2A, 0xB4, 0x00, 0x21, 0xB7, 0x00, 0x76, 0xB0, 0xBB, 0x00, 0x79, 0x59, 
    0x12, 0x75, 0x19, 0x06, 0x1B, 0x2C, 0x2D, 0x2A, 0xB4, 0x00, 0x0E, 0xB7, 0x00, 0x7B, 0xB0, 0x19, 
    0x06, 0xB0, 0x00, 0x00, 0x00, 0x03, 0x00, 0x80, 0x00, 0x00, 0x00, 0x1A, 0x00, 0x06, 0x00, 0x00, 
    0x00, 0x75, 0x00, 0x0D, 0x00, 0x77, 0x00, 0x23, 0x00, 0x78, 0x00, 0x2A, 0x00, 0x79, 0x00, 0x55, 
    0x00, 0x7C, 0x00, 0x68, 0x00, 0x7F, 0x00, 0x81, 0x00, 0x00, 0x00, 0x48, 0x00, 0x07, 0x00, 0x00, 
    0x00, 0x6B, 0x00, 0x82, 0x00, 0x83, 0x00, 0x00, 0x00, 0x00, 0x00, 0x6B, 0x00, 0x8B, 0x00, 0x11, 
    0x00, 0x01, 0x00, 0x00, 0x00, 0x6B, 0x00, 0x8C, 0x00, 0x06, 0x00, 0x02, 0x00, 0x00, 0x00, 0x6B, 
    0x00, 0x8D, 0x00, 0x06, 0x00, 0x03, 0x00, 0x00, 0x00, 0x6B, 0x00, 0x8E, 0x00, 0x06, 0x00, 0x04, 
    0x00, 0x00, 0x00, 0x6B, 0x00, 0x8F, 0x00, 0x90, 0x00, 0x05, 0x00, 0x0D, 0x00, 0x5E, 0x00, 0x91, 
    0x00, 0x92, 0x00, 0x06, 0x00, 0x89, 0x00, 0x00, 0x00, 0x09, 0x00, 0x02, 0xFC, 0x00, 0x55, 0x07, 
    0x00, 0x93, 0x12, 0x00, 0x03, 0x00, 0x95, 0x00, 0x00, 0x00, 0x02, 0x00, 0x96, 0x00, 0x97, 0x00, 
    0x00, 0x00, 0x04, 0x00, 0x98, 0x00, 0x9A, 0x00, 0x9D, 0x00, 0x00, 0x00, 0x1A, 0x00, 0x03, 0x00, 
    0x02, 0x00, 0x00, 0x00, 0x00, 0x00, 0x00, 0x00, 0x71, 0x00, 0x98, 0x00, 0x9E, 0x00, 0x0A, 0x00, 
    0x79, 0x00, 0x98, 0x00, 0x9F, 0x00, 0x0A
};
static const size_t DISPATCHER_TRANSFORMER_1_SIZE = 3479;

} // namespace EmbeddedTransformer
